Arguments: 
  /Users/ryumy97/.nvm/versions/node/v20.18.1/bin/node /usr/local/bin/yarn

PATH: 
  /Users/ryumy97/miniconda3/bin:/Users/ryumy97/.nvm/versions/node/v20.18.1/bin:/usr/local/bin:/usr/local/sbin:/opt/local/bin:/opt/local/sbin:/opt/homebrew/bin:/opt/homebrew/sbin:/System/Cryptexes/App/usr/bin:/usr/bin:/bin:/usr/sbin:/sbin:/var/run/com.apple.security.cryptexd/codex.system/bootstrap/usr/local/bin:/var/run/com.apple.security.cryptexd/codex.system/bootstrap/usr/bin:/var/run/com.apple.security.cryptexd/codex.system/bootstrap/usr/appleinternal/bin:/Library/Apple/usr/bin:/usr/local/share/dotnet:~/.dotnet/tools:/Users/ryumy97/.local/bin:/Users/ryumy97/miniconda3/bin:/Users/ryumy97/.nvm/versions/node/v20.18.1/bin

Yarn version: 
  1.22.17

Node version: 
  20.18.1

Platform: 
  darwin arm64

Trace: 
  Error: https://registry.npmjs.org/@rollup/pluginutils/-/pluginutils-5.0.5.tgz: Request failed "502 Bad Gateway"
      at ResponseError.ExtendableBuiltin (/usr/local/lib/node_modules/yarn/lib/cli.js:696:66)
      at new ResponseError (/usr/local/lib/node_modules/yarn/lib/cli.js:802:124)
      at Request.<anonymous> (/usr/local/lib/node_modules/yarn/lib/cli.js:67099:16)
      at Request.emit (node:events:518:28)
      at module.exports.Request.onRequestResponse (/usr/local/lib/node_modules/yarn/lib/cli.js:141760:10)
      at ClientRequest.emit (node:events:518:28)
      at HTTPParser.parserOnIncomingClient (node:_http_client:702:27)
      at HTTPParser.parserOnHeadersComplete (node:_http_common:118:17)
      at TLSSocket.socketOnData (node:_http_client:544:22)
      at TLSSocket.emit (node:events:518:28)

npm manifest: 
  {
    "name": "@mkkellogg/gaussian-splats-3d",
    "repository": {
      "type": "git",
      "url": "https://github.com/mkkellogg/GaussianSplats3D"
    },
    "version": "0.4.7",
    "description": "Three.js-based 3D Gaussian splat viewer",
    "module": "build/gaussian-splats-3d.module.js",
    "main": "build/gaussian-splats-3d.umd.cjs",
    "author": "Mark Kellogg",
    "license": "MIT",
    "type": "module",
    "scripts": {
      "build-demo": "mkdir -p ./build/demo && cp -r ./demo ./build/ && cp ./node_modules/three/build/three.module.js ./build/demo/lib/three.module.js",
      "build-library": "npx rollup -c && mkdir -p ./build/demo/lib && cp ./build/gaussian-splats-3d.module.* ./build/demo/lib/",
      "build": "npm run build-library && npm run build-demo",
      "build-demo-windows": "(if not exist \".\\build\\demo\" mkdir .\\build\\demo) && xcopy /E .\\demo .\\build\\demo && xcopy .\\node_modules\\three\\build\\three.module.js .\\build\\demo\\lib\\",
      "build-library-windows": "npx rollup -c && (if not exist \".\\build\\demo\\lib\" mkdir .\\build\\demo\\lib) && copy .\\build\\gaussian-splats-3d* .\\build\\demo\\lib\\",
      "build-windows": "npm run build-library-windows && npm run build-demo-windows",
      "watch": "npx npm-watch ",
      "demo": "node util/server.js -d ./build/demo",
      "fix-styling": "npx stylelint **/*.scss --fix",
      "fix-js": "npx eslint src --fix",
      "lint": "npx eslint 'src/**/*.js' || true",
      "prettify": "npx prettier --write 'src/**/*.js'"
    },
    "watch": {
      "build-library": {
        "patterns": [
          "src/**/*.js"
        ]
      },
      "build-demo": {
        "patterns": [
          "demo/**/*.*"
        ]
      }
    },
    "babel": {},
    "keywords": [
      "three",
      "threejs",
      "three.js",
      "splatting",
      "3D",
      "gaussian",
      "webgl",
      "javascript"
    ],
    "devDependencies": {
      "@babel/core": "7.22.0",
      "@babel/eslint-parser": "7.22.11",
      "@babel/plugin-proposal-class-properties": "7.18.6",
      "@babel/preset-env": "7.22.10",
      "@rollup/plugin-terser": "0.4.4",
      "@rollup/pluginutils": "5.0.5",
      "babel-loader": "9.1.3",
      "eslint": "8.47.0",
      "eslint-config-google": "0.14.0",
      "eslint-config-prettier": "^10.1.2",
      "file-loader": "6.2.0",
      "http-server": "14.1.1",
      "npm-watch": "0.11.0",
      "prettier": "3.0.2",
      "prettier-eslint": "15.0.1",
      "rollup": "3.28.1",
      "three": ">=0.160.0",
      "typescript": "^5.8.3",
      "url-loader": "4.1.1"
    },
    "peerDependencies": {
      "three": ">=0.160.0"
    },
    "files": [
      "build/gaussian-splats-3d.umd.cjs",
      "build/gaussian-splats-3d.umd.cjs.map",
      "build/gaussian-splats-3d.module.js",
      "build/gaussian-splats-3d.module.js.map"
    ]
  }

yarn manifest: 
  No manifest

Lockfile: 
  # THIS IS AN AUTOGENERATED FILE. DO NOT EDIT THIS FILE DIRECTLY.
  # yarn lockfile v1
  
  
  "@ampproject/remapping@^2.2.0":
    version "2.3.0"
    resolved "https://registry.npmjs.org/@ampproject/remapping/-/remapping-2.3.0.tgz"
    integrity sha512-30iZtAPgz+LTIYoeivqYo853f02jBYSd5uGnGpkFV0M3xOt9aN73erkgYAmZU43x4VfqcnLxW9Kpg3R5LC4YYw==
    dependencies:
      "@jridgewell/gen-mapping" "^0.3.5"
      "@jridgewell/trace-mapping" "^0.3.24"
  
  "@babel/code-frame@^7.21.4", "@babel/code-frame@^7.27.1":
    version "7.27.1"
    resolved "https://registry.npmjs.org/@babel/code-frame/-/code-frame-7.27.1.tgz"
    integrity sha512-cjQ7ZlQ0Mv3b47hABuTevyTuYN4i+loJKGeV9flcCgIK37cCXRh+L1bd3iBHlynerhQ7BhCkn2BPbQUL+rGqFg==
    dependencies:
      "@babel/helper-validator-identifier" "^7.27.1"
      js-tokens "^4.0.0"
      picocolors "^1.1.1"
  
  "@babel/compat-data@^7.22.6", "@babel/compat-data@^7.22.9", "@babel/compat-data@^7.27.2":
    version "7.27.2"
    resolved "https://registry.npmjs.org/@babel/compat-data/-/compat-data-7.27.2.tgz"
    integrity sha512-TUtMJYRPyUb/9aU8f3K0mjmjf6M9N5Woshn2CS6nqJSeJtTtQcpLUXjGt9vbF8ZGff0El99sWkLgzwW3VXnxZQ==
  
  "@babel/core@^7.0.0", "@babel/core@^7.0.0-0", "@babel/core@^7.0.0-0 || ^8.0.0-0 <8.0.0", "@babel/core@^7.11.0", "@babel/core@^7.12.0", "@babel/core@^7.13.0", "@babel/core@^7.4.0 || ^8.0.0-0 <8.0.0", "@babel/core@7.22.0":
    version "7.22.0"
    resolved "https://registry.npmjs.org/@babel/core/-/core-7.22.0.tgz"
    integrity sha512-D58mjF+Y+89UfbMJpV57UTCg+JRQIFgvROPfH7mmIfBcoFVMkwiiiJyzPyW3onN9kg9noDg7MVyI+Yt64bnfQQ==
    dependencies:
      "@ampproject/remapping" "^2.2.0"
      "@babel/code-frame" "^7.21.4"
      "@babel/generator" "^7.22.0"
      "@babel/helper-compilation-targets" "^7.21.5"
      "@babel/helper-module-transforms" "^7.22.0"
      "@babel/helpers" "^7.22.0"
      "@babel/parser" "^7.22.0"
      "@babel/template" "^7.21.9"
      "@babel/traverse" "^7.22.0"
      "@babel/types" "^7.22.0"
      convert-source-map "^1.7.0"
      debug "^4.1.0"
      gensync "^1.0.0-beta.2"
      json5 "^2.2.2"
      semver "^6.3.0"
  
  "@babel/eslint-parser@7.22.11":
    version "7.22.11"
    resolved "https://registry.npmjs.org/@babel/eslint-parser/-/eslint-parser-7.22.11.tgz"
    integrity sha512-YjOYZ3j7TjV8OhLW6NCtyg8G04uStATEUe5eiLuCZaXz2VSDQ3dsAtm2D+TuQyAqNMUK2WacGo0/uma9Pein1w==
    dependencies:
      "@nicolo-ribaudo/eslint-scope-5-internals" "5.1.1-v1"
      eslint-visitor-keys "^2.1.0"
      semver "^6.3.1"
  
  "@babel/generator@^7.22.0", "@babel/generator@^7.27.1":
    version "7.27.1"
    resolved "https://registry.npmjs.org/@babel/generator/-/generator-7.27.1.tgz"
    integrity sha512-UnJfnIpc/+JO0/+KRVQNGU+y5taA5vCbwN8+azkX6beii/ZF+enZJSOKo11ZSzGJjlNfJHfQtmQT8H+9TXPG2w==
    dependencies:
      "@babel/parser" "^7.27.1"
      "@babel/types" "^7.27.1"
      "@jridgewell/gen-mapping" "^0.3.5"
      "@jridgewell/trace-mapping" "^0.3.25"
      jsesc "^3.0.2"
  
  "@babel/helper-annotate-as-pure@^7.27.1":
    version "7.27.1"
    resolved "https://registry.npmjs.org/@babel/helper-annotate-as-pure/-/helper-annotate-as-pure-7.27.1.tgz"
    integrity sha512-WnuuDILl9oOBbKnb4L+DyODx7iC47XfzmNCpTttFsSp6hTG7XZxu60+4IO+2/hPfcGOoKbFiwoI/+zwARbNQow==
    dependencies:
      "@babel/types" "^7.27.1"
  
  "@babel/helper-compilation-targets@^7.21.5", "@babel/helper-compilation-targets@^7.22.10", "@babel/helper-compilation-targets@^7.22.6", "@babel/helper-compilation-targets@^7.27.1", "@babel/helper-compilation-targets@^7.27.2":
    version "7.27.2"
    resolved "https://registry.npmjs.org/@babel/helper-compilation-targets/-/helper-compilation-targets-7.27.2.tgz"
    integrity sha512-2+1thGUUWWjLTYTHZWK1n8Yga0ijBz1XAhUXcKy81rd5g6yh7hGqMp45v7cadSbEHc9G3OTv45SyneRN3ps4DQ==
    dependencies:
      "@babel/compat-data" "^7.27.2"
      "@babel/helper-validator-option" "^7.27.1"
      browserslist "^4.24.0"
      lru-cache "^5.1.1"
      semver "^6.3.1"
  
  "@babel/helper-create-class-features-plugin@^7.18.6", "@babel/helper-create-class-features-plugin@^7.27.1":
    version "7.27.1"
    resolved "https://registry.npmjs.org/@babel/helper-create-class-features-plugin/-/helper-create-class-features-plugin-7.27.1.tgz"
    integrity sha512-QwGAmuvM17btKU5VqXfb+Giw4JcN0hjuufz3DYnpeVDvZLAObloM77bhMXiqry3Iio+Ai4phVRDwl6WU10+r5A==
    dependencies:
      "@babel/helper-annotate-as-pure" "^7.27.1"
      "@babel/helper-member-expression-to-functions" "^7.27.1"
      "@babel/helper-optimise-call-expression" "^7.27.1"
      "@babel/helper-replace-supers" "^7.27.1"
      "@babel/helper-skip-transparent-expression-wrappers" "^7.27.1"
      "@babel/traverse" "^7.27.1"
      semver "^6.3.1"
  
  "@babel/helper-create-regexp-features-plugin@^7.18.6", "@babel/helper-create-regexp-features-plugin@^7.27.1":
    version "7.27.1"
    resolved "https://registry.npmjs.org/@babel/helper-create-regexp-features-plugin/-/helper-create-regexp-features-plugin-7.27.1.tgz"
    integrity sha512-uVDC72XVf8UbrH5qQTc18Agb8emwjTiZrQE11Nv3CuBEZmVvTwwE9CBUEvHku06gQCAyYf8Nv6ja1IN+6LMbxQ==
    dependencies:
      "@babel/helper-annotate-as-pure" "^7.27.1"
      regexpu-core "^6.2.0"
      semver "^6.3.1"
  
  "@babel/helper-define-polyfill-provider@^0.4.4":
    version "0.4.4"
    resolved "https://registry.npmjs.org/@babel/helper-define-polyfill-provider/-/helper-define-polyfill-provider-0.4.4.tgz"
    integrity sha512-QcJMILQCu2jm5TFPGA3lCpJJTeEP+mqeXooG/NZbg/h5FTFi6V0+99ahlRsW8/kRLyb24LZVCCiclDedhLKcBA==
    dependencies:
      "@babel/helper-compilation-targets" "^7.22.6"
      "@babel/helper-plugin-utils" "^7.22.5"
      debug "^4.1.1"
      lodash.debounce "^4.0.8"
      resolve "^1.14.2"
  
  "@babel/helper-define-polyfill-provider@^0.5.0":
    version "0.5.0"
    resolved "https://registry.npmjs.org/@babel/helper-define-polyfill-provider/-/helper-define-polyfill-provider-0.5.0.tgz"
    integrity sha512-NovQquuQLAQ5HuyjCz7WQP9MjRj7dx++yspwiyUiGl9ZyadHRSql1HZh5ogRd8W8w6YM6EQ/NTB8rgjLt5W65Q==
    dependencies:
      "@babel/helper-compilation-targets" "^7.22.6"
      "@babel/helper-plugin-utils" "^7.22.5"
      debug "^4.1.1"
      lodash.debounce "^4.0.8"
      resolve "^1.14.2"
  
  "@babel/helper-define-polyfill-provider@^0.6.4":
    version "0.6.4"
    resolved "https://registry.npmjs.org/@babel/helper-define-polyfill-provider/-/helper-define-polyfill-provider-0.6.4.tgz"
    integrity sha512-jljfR1rGnXXNWnmQg2K3+bvhkxB51Rl32QRaOTuwwjviGrHzIbSc8+x9CpraDtbT7mfyjXObULP4w/adunNwAw==
    dependencies:
      "@babel/helper-compilation-targets" "^7.22.6"
      "@babel/helper-plugin-utils" "^7.22.5"
      debug "^4.1.1"
      lodash.debounce "^4.0.8"
      resolve "^1.14.2"
  
  "@babel/helper-member-expression-to-functions@^7.27.1":
    version "7.27.1"
    resolved "https://registry.npmjs.org/@babel/helper-member-expression-to-functions/-/helper-member-expression-to-functions-7.27.1.tgz"
    integrity sha512-E5chM8eWjTp/aNoVpcbfM7mLxu9XGLWYise2eBKGQomAk/Mb4XoxyqXTZbuTohbsl8EKqdlMhnDI2CCLfcs9wA==
    dependencies:
      "@babel/traverse" "^7.27.1"
      "@babel/types" "^7.27.1"
  
  "@babel/helper-module-imports@^7.27.1":
    version "7.27.1"
    resolved "https://registry.npmjs.org/@babel/helper-module-imports/-/helper-module-imports-7.27.1.tgz"
    integrity sha512-0gSFWUPNXNopqtIPQvlD5WgXYI5GY2kP2cCvoT8kczjbfcfuIljTbcWrulD1CIPIX2gt1wghbDy08yE1p+/r3w==
    dependencies:
      "@babel/traverse" "^7.27.1"
      "@babel/types" "^7.27.1"
  
  "@babel/helper-module-transforms@^7.22.0", "@babel/helper-module-transforms@^7.27.1":
    version "7.27.1"
    resolved "https://registry.npmjs.org/@babel/helper-module-transforms/-/helper-module-transforms-7.27.1.tgz"
    integrity sha512-9yHn519/8KvTU5BjTVEEeIM3w9/2yXNKoD82JifINImhpKkARMJKPP59kLo+BafpdN5zgNeIcS4jsGDmd3l58g==
    dependencies:
      "@babel/helper-module-imports" "^7.27.1"
      "@babel/helper-validator-identifier" "^7.27.1"
      "@babel/traverse" "^7.27.1"
  
  "@babel/helper-optimise-call-expression@^7.27.1":
    version "7.27.1"
    resolved "https://registry.npmjs.org/@babel/helper-optimise-call-expression/-/helper-optimise-call-expression-7.27.1.tgz"
    integrity sha512-URMGH08NzYFhubNSGJrpUEphGKQwMQYBySzat5cAByY1/YgIRkULnIy3tAMeszlL/so2HbeilYloUmSpd7GdVw==
    dependencies:
      "@babel/types" "^7.27.1"
  
  "@babel/helper-plugin-utils@^7.0.0", "@babel/helper-plugin-utils@^7.10.4", "@babel/helper-plugin-utils@^7.12.13", "@babel/helper-plugin-utils@^7.14.5", "@babel/helper-plugin-utils@^7.18.6", "@babel/helper-plugin-utils@^7.22.5", "@babel/helper-plugin-utils@^7.27.1", "@babel/helper-plugin-utils@^7.8.0", "@babel/helper-plugin-utils@^7.8.3":
    version "7.27.1"
    resolved "https://registry.npmjs.org/@babel/helper-plugin-utils/-/helper-plugin-utils-7.27.1.tgz"
    integrity sha512-1gn1Up5YXka3YYAHGKpbideQ5Yjf1tDa9qYcgysz+cNCXukyLl6DjPXhD3VRwSb8c0J9tA4b2+rHEZtc6R0tlw==
  
  "@babel/helper-remap-async-to-generator@^7.27.1":
    version "7.27.1"
    resolved "https://registry.npmjs.org/@babel/helper-remap-async-to-generator/-/helper-remap-async-to-generator-7.27.1.tgz"
    integrity sha512-7fiA521aVw8lSPeI4ZOD3vRFkoqkJcS+z4hFo82bFSH/2tNd6eJ5qCVMS5OzDmZh/kaHQeBaeyxK6wljcPtveA==
    dependencies:
      "@babel/helper-annotate-as-pure" "^7.27.1"
      "@babel/helper-wrap-function" "^7.27.1"
      "@babel/traverse" "^7.27.1"
  
  "@babel/helper-replace-supers@^7.27.1":
    version "7.27.1"
    resolved "https://registry.npmjs.org/@babel/helper-replace-supers/-/helper-replace-supers-7.27.1.tgz"
    integrity sha512-7EHz6qDZc8RYS5ElPoShMheWvEgERonFCs7IAonWLLUTXW59DP14bCZt89/GKyreYn8g3S83m21FelHKbeDCKA==
    dependencies:
      "@babel/helper-member-expression-to-functions" "^7.27.1"
      "@babel/helper-optimise-call-expression" "^7.27.1"
      "@babel/traverse" "^7.27.1"
  
  "@babel/helper-skip-transparent-expression-wrappers@^7.27.1":
    version "7.27.1"
    resolved "https://registry.npmjs.org/@babel/helper-skip-transparent-expression-wrappers/-/helper-skip-transparent-expression-wrappers-7.27.1.tgz"
    integrity sha512-Tub4ZKEXqbPjXgWLl2+3JpQAYBJ8+ikpQ2Ocj/q/r0LwE3UhENh7EUabyHjz2kCEsrRY83ew2DQdHluuiDQFzg==
    dependencies:
      "@babel/traverse" "^7.27.1"
      "@babel/types" "^7.27.1"
  
  "@babel/helper-string-parser@^7.27.1":
    version "7.27.1"
    resolved "https://registry.npmjs.org/@babel/helper-string-parser/-/helper-string-parser-7.27.1.tgz"
    integrity sha512-qMlSxKbpRlAridDExk92nSobyDdpPijUq2DW6oDnUqd0iOGxmQjyqhMIihI9+zv4LPyZdRje2cavWPbCbWm3eA==
  
  "@babel/helper-validator-identifier@^7.27.1":
    version "7.27.1"
    resolved "https://registry.npmjs.org/@babel/helper-validator-identifier/-/helper-validator-identifier-7.27.1.tgz"
    integrity sha512-D2hP9eA+Sqx1kBZgzxZh0y1trbuU+JoDkiEwqhQ36nodYqJwyEIhPSdMNd7lOm/4io72luTPWH20Yda0xOuUow==
  
  "@babel/helper-validator-option@^7.22.5", "@babel/helper-validator-option@^7.27.1":
    version "7.27.1"
    resolved "https://registry.npmjs.org/@babel/helper-validator-option/-/helper-validator-option-7.27.1.tgz"
    integrity sha512-YvjJow9FxbhFFKDSuFnVCe2WxXk1zWc22fFePVNEaWJEu8IrZVlda6N0uHwzZrUM1il7NC9Mlp4MaJYbYd9JSg==
  
  "@babel/helper-wrap-function@^7.27.1":
    version "7.27.1"
    resolved "https://registry.npmjs.org/@babel/helper-wrap-function/-/helper-wrap-function-7.27.1.tgz"
    integrity sha512-NFJK2sHUvrjo8wAU/nQTWU890/zB2jj0qBcCbZbbf+005cAsv6tMjXz31fBign6M5ov1o0Bllu+9nbqkfsjjJQ==
    dependencies:
      "@babel/template" "^7.27.1"
      "@babel/traverse" "^7.27.1"
      "@babel/types" "^7.27.1"
  
  "@babel/helpers@^7.22.0":
    version "7.27.1"
    resolved "https://registry.npmjs.org/@babel/helpers/-/helpers-7.27.1.tgz"
    integrity sha512-FCvFTm0sWV8Fxhpp2McP5/W53GPllQ9QeQ7SiqGWjMf/LVG07lFa5+pgK05IRhVwtvafT22KF+ZSnM9I545CvQ==
    dependencies:
      "@babel/template" "^7.27.1"
      "@babel/types" "^7.27.1"
  
  "@babel/parser@^7.22.0", "@babel/parser@^7.27.1", "@babel/parser@^7.27.2":
    version "7.27.2"
    resolved "https://registry.npmjs.org/@babel/parser/-/parser-7.27.2.tgz"
    integrity sha512-QYLs8299NA7WM/bZAdp+CviYYkVoYXlDW2rzliy3chxd1PQjej7JORuMJDJXJUb9g0TT+B99EwaVLKmX+sPXWw==
    dependencies:
      "@babel/types" "^7.27.1"
  
  "@babel/plugin-bugfix-safari-id-destructuring-collision-in-function-expression@^7.22.5":
    version "7.27.1"
    resolved "https://registry.npmjs.org/@babel/plugin-bugfix-safari-id-destructuring-collision-in-function-expression/-/plugin-bugfix-safari-id-destructuring-collision-in-function-expression-7.27.1.tgz"
    integrity sha512-g4L7OYun04N1WyqMNjldFwlfPCLVkgB54A/YCXICZYBsvJJE3kByKv9c9+R/nAfmIfjl2rKYLNyMHboYbZaWaA==
    dependencies:
      "@babel/helper-plugin-utils" "^7.27.1"
  
  "@babel/plugin-bugfix-v8-spread-parameters-in-optional-chaining@^7.22.5":
    version "7.27.1"
    resolved "https://registry.npmjs.org/@babel/plugin-bugfix-v8-spread-parameters-in-optional-chaining/-/plugin-bugfix-v8-spread-parameters-in-optional-chaining-7.27.1.tgz"
    integrity sha512-oO02gcONcD5O1iTLi/6frMJBIwWEHceWGSGqrpCmEL8nogiS6J9PBlE48CaK20/Jx1LuRml9aDftLgdjXT8+Cw==
    dependencies:
      "@babel/helper-plugin-utils" "^7.27.1"
      "@babel/helper-skip-transparent-expression-wrappers" "^7.27.1"
      "@babel/plugin-transform-optional-chaining" "^7.27.1"
  
  "@babel/plugin-proposal-class-properties@7.18.6":
    version "7.18.6"
    resolved "https://registry.npmjs.org/@babel/plugin-proposal-class-properties/-/plugin-proposal-class-properties-7.18.6.tgz"
    integrity sha512-cumfXOF0+nzZrrN8Rf0t7M+tF6sZc7vhQwYQck9q1/5w2OExlD+b4v4RpMJFaV1Z7WcDRgO6FqvxqxGlwo+RHQ==
    dependencies:
      "@babel/helper-create-class-features-plugin" "^7.18.6"
      "@babel/helper-plugin-utils" "^7.18.6"
  
  "@babel/plugin-proposal-private-property-in-object@7.21.0-placeholder-for-preset-env.2":
    version "7.21.0-placeholder-for-preset-env.2"
    resolved "https://registry.npmjs.org/@babel/plugin-proposal-private-property-in-object/-/plugin-proposal-private-property-in-object-7.21.0-placeholder-for-preset-env.2.tgz"
    integrity sha512-SOSkfJDddaM7mak6cPEpswyTRnuRltl429hMraQEglW+OkovnCzsiszTmsrlY//qLFjCpQDFRvjdm2wA5pPm9w==
  
  "@babel/plugin-syntax-async-generators@^7.8.4":
    version "7.8.4"
    resolved "https://registry.npmjs.org/@babel/plugin-syntax-async-generators/-/plugin-syntax-async-generators-7.8.4.tgz"
    integrity sha512-tycmZxkGfZaxhMRbXlPXuVFpdWlXpir2W4AMhSJgRKzk/eDlIXOhb2LHWoLpDF7TEHylV5zNhykX6KAgHJmTNw==
    dependencies:
      "@babel/helper-plugin-utils" "^7.8.0"
  
  "@babel/plugin-syntax-class-properties@^7.12.13":
    version "7.12.13"
    resolved "https://registry.npmjs.org/@babel/plugin-syntax-class-properties/-/plugin-syntax-class-properties-7.12.13.tgz"
    integrity sha512-fm4idjKla0YahUNgFNLCB0qySdsoPiZP3iQE3rky0mBUtMZ23yDJ9SJdg6dXTSDnulOVqiF3Hgr9nbXvXTQZYA==
    dependencies:
      "@babel/helper-plugin-utils" "^7.12.13"
  
  "@babel/plugin-syntax-class-static-block@^7.14.5":
    version "7.14.5"
    resolved "https://registry.npmjs.org/@babel/plugin-syntax-class-static-block/-/plugin-syntax-class-static-block-7.14.5.tgz"
    integrity sha512-b+YyPmr6ldyNnM6sqYeMWE+bgJcJpO6yS4QD7ymxgH34GBPNDM/THBh8iunyvKIZztiwLH4CJZ0RxTk9emgpjw==
    dependencies:
      "@babel/helper-plugin-utils" "^7.14.5"
  
  "@babel/plugin-syntax-dynamic-import@^7.8.3":
    version "7.8.3"
    resolved "https://registry.npmjs.org/@babel/plugin-syntax-dynamic-import/-/plugin-syntax-dynamic-import-7.8.3.tgz"
    integrity sha512-5gdGbFon+PszYzqs83S3E5mpi7/y/8M9eC90MRTZfduQOYW76ig6SOSPNe41IG5LoP3FGBn2N0RjVDSQiS94kQ==
    dependencies:
      "@babel/helper-plugin-utils" "^7.8.0"
  
  "@babel/plugin-syntax-export-namespace-from@^7.8.3":
    version "7.8.3"
    resolved "https://registry.npmjs.org/@babel/plugin-syntax-export-namespace-from/-/plugin-syntax-export-namespace-from-7.8.3.tgz"
    integrity sha512-MXf5laXo6c1IbEbegDmzGPwGNTsHZmEy6QGznu5Sh2UCWvueywb2ee+CCE4zQiZstxU9BMoQO9i6zUFSY0Kj0Q==
    dependencies:
      "@babel/helper-plugin-utils" "^7.8.3"
  
  "@babel/plugin-syntax-import-assertions@^7.22.5":
    version "7.27.1"
    resolved "https://registry.npmjs.org/@babel/plugin-syntax-import-assertions/-/plugin-syntax-import-assertions-7.27.1.tgz"
    integrity sha512-UT/Jrhw57xg4ILHLFnzFpPDlMbcdEicaAtjPQpbj9wa8T4r5KVWCimHcL/460g8Ht0DMxDyjsLgiWSkVjnwPFg==
    dependencies:
      "@babel/helper-plugin-utils" "^7.27.1"
  
  "@babel/plugin-syntax-import-attributes@^7.22.5":
    version "7.27.1"
    resolved "https://registry.npmjs.org/@babel/plugin-syntax-import-attributes/-/plugin-syntax-import-attributes-7.27.1.tgz"
    integrity sha512-oFT0FrKHgF53f4vOsZGi2Hh3I35PfSmVs4IBFLFj4dnafP+hIWDLg3VyKmUHfLoLHlyxY4C7DGtmHuJgn+IGww==
    dependencies:
      "@babel/helper-plugin-utils" "^7.27.1"
  
  "@babel/plugin-syntax-import-meta@^7.10.4":
    version "7.10.4"
    resolved "https://registry.npmjs.org/@babel/plugin-syntax-import-meta/-/plugin-syntax-import-meta-7.10.4.tgz"
    integrity sha512-Yqfm+XDx0+Prh3VSeEQCPU81yC+JWZ2pDPFSS4ZdpfZhp4MkFMaDC1UqseovEKwSUpnIL7+vK+Clp7bfh0iD7g==
    dependencies:
      "@babel/helper-plugin-utils" "^7.10.4"
  
  "@babel/plugin-syntax-json-strings@^7.8.3":
    version "7.8.3"
    resolved "https://registry.npmjs.org/@babel/plugin-syntax-json-strings/-/plugin-syntax-json-strings-7.8.3.tgz"
    integrity sha512-lY6kdGpWHvjoe2vk4WrAapEuBR69EMxZl+RoGRhrFGNYVK8mOPAW8VfbT/ZgrFbXlDNiiaxQnAtgVCZ6jv30EA==
    dependencies:
      "@babel/helper-plugin-utils" "^7.8.0"
  
  "@babel/plugin-syntax-logical-assignment-operators@^7.10.4":
    version "7.10.4"
    resolved "https://registry.npmjs.org/@babel/plugin-syntax-logical-assignment-operators/-/plugin-syntax-logical-assignment-operators-7.10.4.tgz"
    integrity sha512-d8waShlpFDinQ5MtvGU9xDAOzKH47+FFoney2baFIoMr952hKOLp1HR7VszoZvOsV/4+RRszNY7D17ba0te0ig==
    dependencies:
      "@babel/helper-plugin-utils" "^7.10.4"
  
  "@babel/plugin-syntax-nullish-coalescing-operator@^7.8.3":
    version "7.8.3"
    resolved "https://registry.npmjs.org/@babel/plugin-syntax-nullish-coalescing-operator/-/plugin-syntax-nullish-coalescing-operator-7.8.3.tgz"
    integrity sha512-aSff4zPII1u2QD7y+F8oDsz19ew4IGEJg9SVW+bqwpwtfFleiQDMdzA/R+UlWDzfnHFCxxleFT0PMIrR36XLNQ==
    dependencies:
      "@babel/helper-plugin-utils" "^7.8.0"
  
  "@babel/plugin-syntax-numeric-separator@^7.10.4":
    version "7.10.4"
    resolved "https://registry.npmjs.org/@babel/plugin-syntax-numeric-separator/-/plugin-syntax-numeric-separator-7.10.4.tgz"
    integrity sha512-9H6YdfkcK/uOnY/K7/aA2xpzaAgkQn37yzWUMRK7OaPOqOpGS1+n0H5hxT9AUw9EsSjPW8SVyMJwYRtWs3X3ug==
    dependencies:
      "@babel/helper-plugin-utils" "^7.10.4"
  
  "@babel/plugin-syntax-object-rest-spread@^7.8.3":
    version "7.8.3"
    resolved "https://registry.npmjs.org/@babel/plugin-syntax-object-rest-spread/-/plugin-syntax-object-rest-spread-7.8.3.tgz"
    integrity sha512-XoqMijGZb9y3y2XskN+P1wUGiVwWZ5JmoDRwx5+3GmEplNyVM2s2Dg8ILFQm8rWM48orGy5YpI5Bl8U1y7ydlA==
    dependencies:
      "@babel/helper-plugin-utils" "^7.8.0"
  
  "@babel/plugin-syntax-optional-catch-binding@^7.8.3":
    version "7.8.3"
    resolved "https://registry.npmjs.org/@babel/plugin-syntax-optional-catch-binding/-/plugin-syntax-optional-catch-binding-7.8.3.tgz"
    integrity sha512-6VPD0Pc1lpTqw0aKoeRTMiB+kWhAoT24PA+ksWSBrFtl5SIRVpZlwN3NNPQjehA2E/91FV3RjLWoVTglWcSV3Q==
    dependencies:
      "@babel/helper-plugin-utils" "^7.8.0"
  
  "@babel/plugin-syntax-optional-chaining@^7.8.3":
    version "7.8.3"
    resolved "https://registry.npmjs.org/@babel/plugin-syntax-optional-chaining/-/plugin-syntax-optional-chaining-7.8.3.tgz"
    integrity sha512-KoK9ErH1MBlCPxV0VANkXW2/dw4vlbGDrFgz8bmUsBGYkFRcbRwMh6cIJubdPrkxRwuGdtCk0v/wPTKbQgBjkg==
    dependencies:
      "@babel/helper-plugin-utils" "^7.8.0"
  
  "@babel/plugin-syntax-private-property-in-object@^7.14.5":
    version "7.14.5"
    resolved "https://registry.npmjs.org/@babel/plugin-syntax-private-property-in-object/-/plugin-syntax-private-property-in-object-7.14.5.tgz"
    integrity sha512-0wVnp9dxJ72ZUJDV27ZfbSj6iHLoytYZmh3rFcxNnvsJF3ktkzLDZPy/mA17HGsaQT3/DQsWYX1f1QGWkCoVUg==
    dependencies:
      "@babel/helper-plugin-utils" "^7.14.5"
  
  "@babel/plugin-syntax-top-level-await@^7.14.5":
    version "7.14.5"
    resolved "https://registry.npmjs.org/@babel/plugin-syntax-top-level-await/-/plugin-syntax-top-level-await-7.14.5.tgz"
    integrity sha512-hx++upLv5U1rgYfwe1xBQUhRmU41NEvpUvrp8jkrSCdvGSnM5/qdRMtylJ6PG5OFkBaHkbTAKTnd3/YyESRHFw==
    dependencies:
      "@babel/helper-plugin-utils" "^7.14.5"
  
  "@babel/plugin-syntax-unicode-sets-regex@^7.18.6":
    version "7.18.6"
    resolved "https://registry.npmjs.org/@babel/plugin-syntax-unicode-sets-regex/-/plugin-syntax-unicode-sets-regex-7.18.6.tgz"
    integrity sha512-727YkEAPwSIQTv5im8QHz3upqp92JTWhidIC81Tdx4VJYIte/VndKf1qKrfnnhPLiPghStWfvC/iFaMCQu7Nqg==
    dependencies:
      "@babel/helper-create-regexp-features-plugin" "^7.18.6"
      "@babel/helper-plugin-utils" "^7.18.6"
  
  "@babel/plugin-transform-arrow-functions@^7.22.5":
    version "7.27.1"
    resolved "https://registry.npmjs.org/@babel/plugin-transform-arrow-functions/-/plugin-transform-arrow-functions-7.27.1.tgz"
    integrity sha512-8Z4TGic6xW70FKThA5HYEKKyBpOOsucTOD1DjU3fZxDg+K3zBJcXMFnt/4yQiZnf5+MiOMSXQ9PaEK/Ilh1DeA==
    dependencies:
      "@babel/helper-plugin-utils" "^7.27.1"
  
  "@babel/plugin-transform-async-generator-functions@^7.22.10":
    version "7.27.1"
    resolved "https://registry.npmjs.org/@babel/plugin-transform-async-generator-functions/-/plugin-transform-async-generator-functions-7.27.1.tgz"
    integrity sha512-eST9RrwlpaoJBDHShc+DS2SG4ATTi2MYNb4OxYkf3n+7eb49LWpnS+HSpVfW4x927qQwgk8A2hGNVaajAEw0EA==
    dependencies:
      "@babel/helper-plugin-utils" "^7.27.1"
      "@babel/helper-remap-async-to-generator" "^7.27.1"
      "@babel/traverse" "^7.27.1"
  
  "@babel/plugin-transform-async-to-generator@^7.22.5":
    version "7.27.1"
    resolved "https://registry.npmjs.org/@babel/plugin-transform-async-to-generator/-/plugin-transform-async-to-generator-7.27.1.tgz"
    integrity sha512-NREkZsZVJS4xmTr8qzE5y8AfIPqsdQfRuUiLRTEzb7Qii8iFWCyDKaUV2c0rCuh4ljDZ98ALHP/PetiBV2nddA==
    dependencies:
      "@babel/helper-module-imports" "^7.27.1"
      "@babel/helper-plugin-utils" "^7.27.1"
      "@babel/helper-remap-async-to-generator" "^7.27.1"
  
  "@babel/plugin-transform-block-scoped-functions@^7.22.5":
    version "7.27.1"
    resolved "https://registry.npmjs.org/@babel/plugin-transform-block-scoped-functions/-/plugin-transform-block-scoped-functions-7.27.1.tgz"
    integrity sha512-cnqkuOtZLapWYZUYM5rVIdv1nXYuFVIltZ6ZJ7nIj585QsjKM5dhL2Fu/lICXZ1OyIAFc7Qy+bvDAtTXqGrlhg==
    dependencies:
      "@babel/helper-plugin-utils" "^7.27.1"
  
  "@babel/plugin-transform-block-scoping@^7.22.10":
    version "7.27.1"
    resolved "https://registry.npmjs.org/@babel/plugin-transform-block-scoping/-/plugin-transform-block-scoping-7.27.1.tgz"
    integrity sha512-QEcFlMl9nGTgh1rn2nIeU5bkfb9BAjaQcWbiP4LvKxUot52ABcTkpcyJ7f2Q2U2RuQ84BNLgts3jRme2dTx6Fw==
    dependencies:
      "@babel/helper-plugin-utils" "^7.27.1"
  
  "@babel/plugin-transform-class-properties@^7.22.5":
    version "7.27.1"
    resolved "https://registry.npmjs.org/@babel/plugin-transform-class-properties/-/plugin-transform-class-properties-7.27.1.tgz"
    integrity sha512-D0VcalChDMtuRvJIu3U/fwWjf8ZMykz5iZsg77Nuj821vCKI3zCyRLwRdWbsuJ/uRwZhZ002QtCqIkwC/ZkvbA==
    dependencies:
      "@babel/helper-create-class-features-plugin" "^7.27.1"
      "@babel/helper-plugin-utils" "^7.27.1"
  
  "@babel/plugin-transform-class-static-block@^7.22.5":
    version "7.27.1"
    resolved "https://registry.npmjs.org/@babel/plugin-transform-class-static-block/-/plugin-transform-class-static-block-7.27.1.tgz"
    integrity sha512-s734HmYU78MVzZ++joYM+NkJusItbdRcbm+AGRgJCt3iA+yux0QpD9cBVdz3tKyrjVYWRl7j0mHSmv4lhV0aoA==
    dependencies:
      "@babel/helper-create-class-features-plugin" "^7.27.1"
      "@babel/helper-plugin-utils" "^7.27.1"
  
  "@babel/plugin-transform-classes@^7.22.6":
    version "7.27.1"
    resolved "https://registry.npmjs.org/@babel/plugin-transform-classes/-/plugin-transform-classes-7.27.1.tgz"
    integrity sha512-7iLhfFAubmpeJe/Wo2TVuDrykh/zlWXLzPNdL0Jqn/Xu8R3QQ8h9ff8FQoISZOsw74/HFqFI7NX63HN7QFIHKA==
    dependencies:
      "@babel/helper-annotate-as-pure" "^7.27.1"
      "@babel/helper-compilation-targets" "^7.27.1"
      "@babel/helper-plugin-utils" "^7.27.1"
      "@babel/helper-replace-supers" "^7.27.1"
      "@babel/traverse" "^7.27.1"
      globals "^11.1.0"
  
  "@babel/plugin-transform-computed-properties@^7.22.5":
    version "7.27.1"
    resolved "https://registry.npmjs.org/@babel/plugin-transform-computed-properties/-/plugin-transform-computed-properties-7.27.1.tgz"
    integrity sha512-lj9PGWvMTVksbWiDT2tW68zGS/cyo4AkZ/QTp0sQT0mjPopCmrSkzxeXkznjqBxzDI6TclZhOJbBmbBLjuOZUw==
    dependencies:
      "@babel/helper-plugin-utils" "^7.27.1"
      "@babel/template" "^7.27.1"
  
  "@babel/plugin-transform-destructuring@^7.22.10", "@babel/plugin-transform-destructuring@^7.27.1":
    version "7.27.1"
    resolved "https://registry.npmjs.org/@babel/plugin-transform-destructuring/-/plugin-transform-destructuring-7.27.1.tgz"
    integrity sha512-ttDCqhfvpE9emVkXbPD8vyxxh4TWYACVybGkDj+oReOGwnp066ITEivDlLwe0b1R0+evJ13IXQuLNB5w1fhC5Q==
    dependencies:
      "@babel/helper-plugin-utils" "^7.27.1"
  
  "@babel/plugin-transform-dotall-regex@^7.22.5":
    version "7.27.1"
    resolved "https://registry.npmjs.org/@babel/plugin-transform-dotall-regex/-/plugin-transform-dotall-regex-7.27.1.tgz"
    integrity sha512-gEbkDVGRvjj7+T1ivxrfgygpT7GUd4vmODtYpbs0gZATdkX8/iSnOtZSxiZnsgm1YjTgjI6VKBGSJJevkrclzw==
    dependencies:
      "@babel/helper-create-regexp-features-plugin" "^7.27.1"
      "@babel/helper-plugin-utils" "^7.27.1"
  
  "@babel/plugin-transform-duplicate-keys@^7.22.5":
    version "7.27.1"
    resolved "https://registry.npmjs.org/@babel/plugin-transform-duplicate-keys/-/plugin-transform-duplicate-keys-7.27.1.tgz"
    integrity sha512-MTyJk98sHvSs+cvZ4nOauwTTG1JeonDjSGvGGUNHreGQns+Mpt6WX/dVzWBHgg+dYZhkC4X+zTDfkTU+Vy9y7Q==
    dependencies:
      "@babel/helper-plugin-utils" "^7.27.1"
  
  "@babel/plugin-transform-dynamic-import@^7.22.5":
    version "7.27.1"
    resolved "https://registry.npmjs.org/@babel/plugin-transform-dynamic-import/-/plugin-transform-dynamic-import-7.27.1.tgz"
    integrity sha512-MHzkWQcEmjzzVW9j2q8LGjwGWpG2mjwaaB0BNQwst3FIjqsg8Ct/mIZlvSPJvfi9y2AC8mi/ktxbFVL9pZ1I4A==
    dependencies:
      "@babel/helper-plugin-utils" "^7.27.1"
  
  "@babel/plugin-transform-exponentiation-operator@^7.22.5":
    version "7.27.1"
    resolved "https://registry.npmjs.org/@babel/plugin-transform-exponentiation-operator/-/plugin-transform-exponentiation-operator-7.27.1.tgz"
    integrity sha512-uspvXnhHvGKf2r4VVtBpeFnuDWsJLQ6MF6lGJLC89jBR1uoVeqM416AZtTuhTezOfgHicpJQmoD5YUakO/YmXQ==
    dependencies:
      "@babel/helper-plugin-utils" "^7.27.1"
  
  "@babel/plugin-transform-export-namespace-from@^7.22.5":
    version "7.27.1"
    resolved "https://registry.npmjs.org/@babel/plugin-transform-export-namespace-from/-/plugin-transform-export-namespace-from-7.27.1.tgz"
    integrity sha512-tQvHWSZ3/jH2xuq/vZDy0jNn+ZdXJeM8gHvX4lnJmsc3+50yPlWdZXIc5ay+umX+2/tJIqHqiEqcJvxlmIvRvQ==
    dependencies:
      "@babel/helper-plugin-utils" "^7.27.1"
  
  "@babel/plugin-transform-for-of@^7.22.5":
    version "7.27.1"
    resolved "https://registry.npmjs.org/@babel/plugin-transform-for-of/-/plugin-transform-for-of-7.27.1.tgz"
    integrity sha512-BfbWFFEJFQzLCQ5N8VocnCtA8J1CLkNTe2Ms2wocj75dd6VpiqS5Z5quTYcUoo4Yq+DN0rtikODccuv7RU81sw==
    dependencies:
      "@babel/helper-plugin-utils" "^7.27.1"
      "@babel/helper-skip-transparent-expression-wrappers" "^7.27.1"
  
  "@babel/plugin-transform-function-name@^7.22.5":
    version "7.27.1"
    resolved "https://registry.npmjs.org/@babel/plugin-transform-function-name/-/plugin-transform-function-name-7.27.1.tgz"
    integrity sha512-1bQeydJF9Nr1eBCMMbC+hdwmRlsv5XYOMu03YSWFwNs0HsAmtSxxF1fyuYPqemVldVyFmlCU7w8UE14LupUSZQ==
    dependencies:
      "@babel/helper-compilation-targets" "^7.27.1"
      "@babel/helper-plugin-utils" "^7.27.1"
      "@babel/traverse" "^7.27.1"
  
  "@babel/plugin-transform-json-strings@^7.22.5":
    version "7.27.1"
    resolved "https://registry.npmjs.org/@babel/plugin-transform-json-strings/-/plugin-transform-json-strings-7.27.1.tgz"
    integrity sha512-6WVLVJiTjqcQauBhn1LkICsR2H+zm62I3h9faTDKt1qP4jn2o72tSvqMwtGFKGTpojce0gJs+76eZ2uCHRZh0Q==
    dependencies:
      "@babel/helper-plugin-utils" "^7.27.1"
  
  "@babel/plugin-transform-literals@^7.22.5":
    version "7.27.1"
    resolved "https://registry.npmjs.org/@babel/plugin-transform-literals/-/plugin-transform-literals-7.27.1.tgz"
    integrity sha512-0HCFSepIpLTkLcsi86GG3mTUzxV5jpmbv97hTETW3yzrAij8aqlD36toB1D0daVFJM8NK6GvKO0gslVQmm+zZA==
    dependencies:
      "@babel/helper-plugin-utils" "^7.27.1"
  
  "@babel/plugin-transform-logical-assignment-operators@^7.22.5":
    version "7.27.1"
    resolved "https://registry.npmjs.org/@babel/plugin-transform-logical-assignment-operators/-/plugin-transform-logical-assignment-operators-7.27.1.tgz"
    integrity sha512-SJvDs5dXxiae4FbSL1aBJlG4wvl594N6YEVVn9e3JGulwioy6z3oPjx/sQBO3Y4NwUu5HNix6KJ3wBZoewcdbw==
    dependencies:
      "@babel/helper-plugin-utils" "^7.27.1"
  
  "@babel/plugin-transform-member-expression-literals@^7.22.5":
    version "7.27.1"
    resolved "https://registry.npmjs.org/@babel/plugin-transform-member-expression-literals/-/plugin-transform-member-expression-literals-7.27.1.tgz"
    integrity sha512-hqoBX4dcZ1I33jCSWcXrP+1Ku7kdqXf1oeah7ooKOIiAdKQ+uqftgCFNOSzA5AMS2XIHEYeGFg4cKRCdpxzVOQ==
    dependencies:
      "@babel/helper-plugin-utils" "^7.27.1"
  
  "@babel/plugin-transform-modules-amd@^7.22.5":
    version "7.27.1"
    resolved "https://registry.npmjs.org/@babel/plugin-transform-modules-amd/-/plugin-transform-modules-amd-7.27.1.tgz"
    integrity sha512-iCsytMg/N9/oFq6n+gFTvUYDZQOMK5kEdeYxmxt91fcJGycfxVP9CnrxoliM0oumFERba2i8ZtwRUCMhvP1LnA==
    dependencies:
      "@babel/helper-module-transforms" "^7.27.1"
      "@babel/helper-plugin-utils" "^7.27.1"
  
  "@babel/plugin-transform-modules-commonjs@^7.22.5":
    version "7.27.1"
    resolved "https://registry.npmjs.org/@babel/plugin-transform-modules-commonjs/-/plugin-transform-modules-commonjs-7.27.1.tgz"
    integrity sha512-OJguuwlTYlN0gBZFRPqwOGNWssZjfIUdS7HMYtN8c1KmwpwHFBwTeFZrg9XZa+DFTitWOW5iTAG7tyCUPsCCyw==
    dependencies:
      "@babel/helper-module-transforms" "^7.27.1"
      "@babel/helper-plugin-utils" "^7.27.1"
  
  "@babel/plugin-transform-modules-systemjs@^7.22.5":
    version "7.27.1"
    resolved "https://registry.npmjs.org/@babel/plugin-transform-modules-systemjs/-/plugin-transform-modules-systemjs-7.27.1.tgz"
    integrity sha512-w5N1XzsRbc0PQStASMksmUeqECuzKuTJer7kFagK8AXgpCMkeDMO5S+aaFb7A51ZYDF7XI34qsTX+fkHiIm5yA==
    dependencies:
      "@babel/helper-module-transforms" "^7.27.1"
      "@babel/helper-plugin-utils" "^7.27.1"
      "@babel/helper-validator-identifier" "^7.27.1"
      "@babel/traverse" "^7.27.1"
  
  "@babel/plugin-transform-modules-umd@^7.22.5":
    version "7.27.1"
    resolved "https://registry.npmjs.org/@babel/plugin-transform-modules-umd/-/plugin-transform-modules-umd-7.27.1.tgz"
    integrity sha512-iQBE/xC5BV1OxJbp6WG7jq9IWiD+xxlZhLrdwpPkTX3ydmXdvoCpyfJN7acaIBZaOqTfr76pgzqBJflNbeRK+w==
    dependencies:
      "@babel/helper-module-transforms" "^7.27.1"
      "@babel/helper-plugin-utils" "^7.27.1"
  
  "@babel/plugin-transform-named-capturing-groups-regex@^7.22.5":
    version "7.27.1"
    resolved "https://registry.npmjs.org/@babel/plugin-transform-named-capturing-groups-regex/-/plugin-transform-named-capturing-groups-regex-7.27.1.tgz"
    integrity sha512-SstR5JYy8ddZvD6MhV0tM/j16Qds4mIpJTOd1Yu9J9pJjH93bxHECF7pgtc28XvkzTD6Pxcm/0Z73Hvk7kb3Ng==
    dependencies:
      "@babel/helper-create-regexp-features-plugin" "^7.27.1"
      "@babel/helper-plugin-utils" "^7.27.1"
  
  "@babel/plugin-transform-new-target@^7.22.5":
    version "7.27.1"
    resolved "https://registry.npmjs.org/@babel/plugin-transform-new-target/-/plugin-transform-new-target-7.27.1.tgz"
    integrity sha512-f6PiYeqXQ05lYq3TIfIDu/MtliKUbNwkGApPUvyo6+tc7uaR4cPjPe7DFPr15Uyycg2lZU6btZ575CuQoYh7MQ==
    dependencies:
      "@babel/helper-plugin-utils" "^7.27.1"
  
  "@babel/plugin-transform-nullish-coalescing-operator@^7.22.5":
    version "7.27.1"
    resolved "https://registry.npmjs.org/@babel/plugin-transform-nullish-coalescing-operator/-/plugin-transform-nullish-coalescing-operator-7.27.1.tgz"
    integrity sha512-aGZh6xMo6q9vq1JGcw58lZ1Z0+i0xB2x0XaauNIUXd6O1xXc3RwoWEBlsTQrY4KQ9Jf0s5rgD6SiNkaUdJegTA==
    dependencies:
      "@babel/helper-plugin-utils" "^7.27.1"
  
  "@babel/plugin-transform-numeric-separator@^7.22.5":
    version "7.27.1"
    resolved "https://registry.npmjs.org/@babel/plugin-transform-numeric-separator/-/plugin-transform-numeric-separator-7.27.1.tgz"
    integrity sha512-fdPKAcujuvEChxDBJ5c+0BTaS6revLV7CJL08e4m3de8qJfNIuCc2nc7XJYOjBoTMJeqSmwXJ0ypE14RCjLwaw==
    dependencies:
      "@babel/helper-plugin-utils" "^7.27.1"
  
  "@babel/plugin-transform-object-rest-spread@^7.22.5":
    version "7.27.2"
    resolved "https://registry.npmjs.org/@babel/plugin-transform-object-rest-spread/-/plugin-transform-object-rest-spread-7.27.2.tgz"
    integrity sha512-AIUHD7xJ1mCrj3uPozvtngY3s0xpv7Nu7DoUSnzNY6Xam1Cy4rUznR//pvMHOhQ4AvbCexhbqXCtpxGHOGOO6g==
    dependencies:
      "@babel/helper-compilation-targets" "^7.27.2"
      "@babel/helper-plugin-utils" "^7.27.1"
      "@babel/plugin-transform-destructuring" "^7.27.1"
      "@babel/plugin-transform-parameters" "^7.27.1"
  
  "@babel/plugin-transform-object-super@^7.22.5":
    version "7.27.1"
    resolved "https://registry.npmjs.org/@babel/plugin-transform-object-super/-/plugin-transform-object-super-7.27.1.tgz"
    integrity sha512-SFy8S9plRPbIcxlJ8A6mT/CxFdJx/c04JEctz4jf8YZaVS2px34j7NXRrlGlHkN/M2gnpL37ZpGRGVFLd3l8Ng==
    dependencies:
      "@babel/helper-plugin-utils" "^7.27.1"
      "@babel/helper-replace-supers" "^7.27.1"
  
  "@babel/plugin-transform-optional-catch-binding@^7.22.5":
    version "7.27.1"
    resolved "https://registry.npmjs.org/@babel/plugin-transform-optional-catch-binding/-/plugin-transform-optional-catch-binding-7.27.1.tgz"
    integrity sha512-txEAEKzYrHEX4xSZN4kJ+OfKXFVSWKB2ZxM9dpcE3wT7smwkNmXo5ORRlVzMVdJbD+Q8ILTgSD7959uj+3Dm3Q==
    dependencies:
      "@babel/helper-plugin-utils" "^7.27.1"
  
  "@babel/plugin-transform-optional-chaining@^7.22.10", "@babel/plugin-transform-optional-chaining@^7.27.1":
    version "7.27.1"
    resolved "https://registry.npmjs.org/@babel/plugin-transform-optional-chaining/-/plugin-transform-optional-chaining-7.27.1.tgz"
    integrity sha512-BQmKPPIuc8EkZgNKsv0X4bPmOoayeu4F1YCwx2/CfmDSXDbp7GnzlUH+/ul5VGfRg1AoFPsrIThlEBj2xb4CAg==
    dependencies:
      "@babel/helper-plugin-utils" "^7.27.1"
      "@babel/helper-skip-transparent-expression-wrappers" "^7.27.1"
  
  "@babel/plugin-transform-parameters@^7.22.5", "@babel/plugin-transform-parameters@^7.27.1":
    version "7.27.1"
    resolved "https://registry.npmjs.org/@babel/plugin-transform-parameters/-/plugin-transform-parameters-7.27.1.tgz"
    integrity sha512-018KRk76HWKeZ5l4oTj2zPpSh+NbGdt0st5S6x0pga6HgrjBOJb24mMDHorFopOOd6YHkLgOZ+zaCjZGPO4aKg==
    dependencies:
      "@babel/helper-plugin-utils" "^7.27.1"
  
  "@babel/plugin-transform-private-methods@^7.22.5":
    version "7.27.1"
    resolved "https://registry.npmjs.org/@babel/plugin-transform-private-methods/-/plugin-transform-private-methods-7.27.1.tgz"
    integrity sha512-10FVt+X55AjRAYI9BrdISN9/AQWHqldOeZDUoLyif1Kn05a56xVBXb8ZouL8pZ9jem8QpXaOt8TS7RHUIS+GPA==
    dependencies:
      "@babel/helper-create-class-features-plugin" "^7.27.1"
      "@babel/helper-plugin-utils" "^7.27.1"
  
  "@babel/plugin-transform-private-property-in-object@^7.22.5":
    version "7.27.1"
    resolved "https://registry.npmjs.org/@babel/plugin-transform-private-property-in-object/-/plugin-transform-private-property-in-object-7.27.1.tgz"
    integrity sha512-5J+IhqTi1XPa0DXF83jYOaARrX+41gOewWbkPyjMNRDqgOCqdffGh8L3f/Ek5utaEBZExjSAzcyjmV9SSAWObQ==
    dependencies:
      "@babel/helper-annotate-as-pure" "^7.27.1"
      "@babel/helper-create-class-features-plugin" "^7.27.1"
      "@babel/helper-plugin-utils" "^7.27.1"
  
  "@babel/plugin-transform-property-literals@^7.22.5":
    version "7.27.1"
    resolved "https://registry.npmjs.org/@babel/plugin-transform-property-literals/-/plugin-transform-property-literals-7.27.1.tgz"
    integrity sha512-oThy3BCuCha8kDZ8ZkgOg2exvPYUlprMukKQXI1r1pJ47NCvxfkEy8vK+r/hT9nF0Aa4H1WUPZZjHTFtAhGfmQ==
    dependencies:
      "@babel/helper-plugin-utils" "^7.27.1"
  
  "@babel/plugin-transform-regenerator@^7.22.10":
    version "7.27.1"
    resolved "https://registry.npmjs.org/@babel/plugin-transform-regenerator/-/plugin-transform-regenerator-7.27.1.tgz"
    integrity sha512-B19lbbL7PMrKr52BNPjCqg1IyNUIjTcxKj8uX9zHO+PmWN93s19NDr/f69mIkEp2x9nmDJ08a7lgHaTTzvW7mw==
    dependencies:
      "@babel/helper-plugin-utils" "^7.27.1"
  
  "@babel/plugin-transform-reserved-words@^7.22.5":
    version "7.27.1"
    resolved "https://registry.npmjs.org/@babel/plugin-transform-reserved-words/-/plugin-transform-reserved-words-7.27.1.tgz"
    integrity sha512-V2ABPHIJX4kC7HegLkYoDpfg9PVmuWy/i6vUM5eGK22bx4YVFD3M5F0QQnWQoDs6AGsUWTVOopBiMFQgHaSkVw==
    dependencies:
      "@babel/helper-plugin-utils" "^7.27.1"
  
  "@babel/plugin-transform-shorthand-properties@^7.22.5":
    version "7.27.1"
    resolved "https://registry.npmjs.org/@babel/plugin-transform-shorthand-properties/-/plugin-transform-shorthand-properties-7.27.1.tgz"
    integrity sha512-N/wH1vcn4oYawbJ13Y/FxcQrWk63jhfNa7jef0ih7PHSIHX2LB7GWE1rkPrOnka9kwMxb6hMl19p7lidA+EHmQ==
    dependencies:
      "@babel/helper-plugin-utils" "^7.27.1"
  
  "@babel/plugin-transform-spread@^7.22.5":
    version "7.27.1"
    resolved "https://registry.npmjs.org/@babel/plugin-transform-spread/-/plugin-transform-spread-7.27.1.tgz"
    integrity sha512-kpb3HUqaILBJcRFVhFUs6Trdd4mkrzcGXss+6/mxUd273PfbWqSDHRzMT2234gIg2QYfAjvXLSquP1xECSg09Q==
    dependencies:
      "@babel/helper-plugin-utils" "^7.27.1"
      "@babel/helper-skip-transparent-expression-wrappers" "^7.27.1"
  
  "@babel/plugin-transform-sticky-regex@^7.22.5":
    version "7.27.1"
    resolved "https://registry.npmjs.org/@babel/plugin-transform-sticky-regex/-/plugin-transform-sticky-regex-7.27.1.tgz"
    integrity sha512-lhInBO5bi/Kowe2/aLdBAawijx+q1pQzicSgnkB6dUPc1+RC8QmJHKf2OjvU+NZWitguJHEaEmbV6VWEouT58g==
    dependencies:
      "@babel/helper-plugin-utils" "^7.27.1"
  
  "@babel/plugin-transform-template-literals@^7.22.5":
    version "7.27.1"
    resolved "https://registry.npmjs.org/@babel/plugin-transform-template-literals/-/plugin-transform-template-literals-7.27.1.tgz"
    integrity sha512-fBJKiV7F2DxZUkg5EtHKXQdbsbURW3DZKQUWphDum0uRP6eHGGa/He9mc0mypL680pb+e/lDIthRohlv8NCHkg==
    dependencies:
      "@babel/helper-plugin-utils" "^7.27.1"
  
  "@babel/plugin-transform-typeof-symbol@^7.22.5":
    version "7.27.1"
    resolved "https://registry.npmjs.org/@babel/plugin-transform-typeof-symbol/-/plugin-transform-typeof-symbol-7.27.1.tgz"
    integrity sha512-RiSILC+nRJM7FY5srIyc4/fGIwUhyDuuBSdWn4y6yT6gm652DpCHZjIipgn6B7MQ1ITOUnAKWixEUjQRIBIcLw==
    dependencies:
      "@babel/helper-plugin-utils" "^7.27.1"
  
  "@babel/plugin-transform-unicode-escapes@^7.22.10":
    version "7.27.1"
    resolved "https://registry.npmjs.org/@babel/plugin-transform-unicode-escapes/-/plugin-transform-unicode-escapes-7.27.1.tgz"
    integrity sha512-Ysg4v6AmF26k9vpfFuTZg8HRfVWzsh1kVfowA23y9j/Gu6dOuahdUVhkLqpObp3JIv27MLSii6noRnuKN8H0Mg==
    dependencies:
      "@babel/helper-plugin-utils" "^7.27.1"
  
  "@babel/plugin-transform-unicode-property-regex@^7.22.5":
    version "7.27.1"
    resolved "https://registry.npmjs.org/@babel/plugin-transform-unicode-property-regex/-/plugin-transform-unicode-property-regex-7.27.1.tgz"
    integrity sha512-uW20S39PnaTImxp39O5qFlHLS9LJEmANjMG7SxIhap8rCHqu0Ik+tLEPX5DKmHn6CsWQ7j3lix2tFOa5YtL12Q==
    dependencies:
      "@babel/helper-create-regexp-features-plugin" "^7.27.1"
      "@babel/helper-plugin-utils" "^7.27.1"
  
  "@babel/plugin-transform-unicode-regex@^7.22.5":
    version "7.27.1"
    resolved "https://registry.npmjs.org/@babel/plugin-transform-unicode-regex/-/plugin-transform-unicode-regex-7.27.1.tgz"
    integrity sha512-xvINq24TRojDuyt6JGtHmkVkrfVV3FPT16uytxImLeBZqW3/H52yN+kM1MGuyPkIQxrzKwPHs5U/MP3qKyzkGw==
    dependencies:
      "@babel/helper-create-regexp-features-plugin" "^7.27.1"
      "@babel/helper-plugin-utils" "^7.27.1"
  
  "@babel/plugin-transform-unicode-sets-regex@^7.22.5":
    version "7.27.1"
    resolved "https://registry.npmjs.org/@babel/plugin-transform-unicode-sets-regex/-/plugin-transform-unicode-sets-regex-7.27.1.tgz"
    integrity sha512-EtkOujbc4cgvb0mlpQefi4NTPBzhSIevblFevACNLUspmrALgmEBdL/XfnyyITfd8fKBZrZys92zOWcik7j9Tw==
    dependencies:
      "@babel/helper-create-regexp-features-plugin" "^7.27.1"
      "@babel/helper-plugin-utils" "^7.27.1"
  
  "@babel/preset-env@7.22.10":
    version "7.22.10"
    resolved "https://registry.npmjs.org/@babel/preset-env/-/preset-env-7.22.10.tgz"
    integrity sha512-riHpLb1drNkpLlocmSyEg4oYJIQFeXAK/d7rI6mbD0XsvoTOOweXDmQPG/ErxsEhWk3rl3Q/3F6RFQlVFS8m0A==
    dependencies:
      "@babel/compat-data" "^7.22.9"
      "@babel/helper-compilation-targets" "^7.22.10"
      "@babel/helper-plugin-utils" "^7.22.5"
      "@babel/helper-validator-option" "^7.22.5"
      "@babel/plugin-bugfix-safari-id-destructuring-collision-in-function-expression" "^7.22.5"
      "@babel/plugin-bugfix-v8-spread-parameters-in-optional-chaining" "^7.22.5"
      "@babel/plugin-proposal-private-property-in-object" "7.21.0-placeholder-for-preset-env.2"
      "@babel/plugin-syntax-async-generators" "^7.8.4"
      "@babel/plugin-syntax-class-properties" "^7.12.13"
      "@babel/plugin-syntax-class-static-block" "^7.14.5"
      "@babel/plugin-syntax-dynamic-import" "^7.8.3"
      "@babel/plugin-syntax-export-namespace-from" "^7.8.3"
      "@babel/plugin-syntax-import-assertions" "^7.22.5"
      "@babel/plugin-syntax-import-attributes" "^7.22.5"
      "@babel/plugin-syntax-import-meta" "^7.10.4"
      "@babel/plugin-syntax-json-strings" "^7.8.3"
      "@babel/plugin-syntax-logical-assignment-operators" "^7.10.4"
      "@babel/plugin-syntax-nullish-coalescing-operator" "^7.8.3"
      "@babel/plugin-syntax-numeric-separator" "^7.10.4"
      "@babel/plugin-syntax-object-rest-spread" "^7.8.3"
      "@babel/plugin-syntax-optional-catch-binding" "^7.8.3"
      "@babel/plugin-syntax-optional-chaining" "^7.8.3"
      "@babel/plugin-syntax-private-property-in-object" "^7.14.5"
      "@babel/plugin-syntax-top-level-await" "^7.14.5"
      "@babel/plugin-syntax-unicode-sets-regex" "^7.18.6"
      "@babel/plugin-transform-arrow-functions" "^7.22.5"
      "@babel/plugin-transform-async-generator-functions" "^7.22.10"
      "@babel/plugin-transform-async-to-generator" "^7.22.5"
      "@babel/plugin-transform-block-scoped-functions" "^7.22.5"
      "@babel/plugin-transform-block-scoping" "^7.22.10"
      "@babel/plugin-transform-class-properties" "^7.22.5"
      "@babel/plugin-transform-class-static-block" "^7.22.5"
      "@babel/plugin-transform-classes" "^7.22.6"
      "@babel/plugin-transform-computed-properties" "^7.22.5"
      "@babel/plugin-transform-destructuring" "^7.22.10"
      "@babel/plugin-transform-dotall-regex" "^7.22.5"
      "@babel/plugin-transform-duplicate-keys" "^7.22.5"
      "@babel/plugin-transform-dynamic-import" "^7.22.5"
      "@babel/plugin-transform-exponentiation-operator" "^7.22.5"
      "@babel/plugin-transform-export-namespace-from" "^7.22.5"
      "@babel/plugin-transform-for-of" "^7.22.5"
      "@babel/plugin-transform-function-name" "^7.22.5"
      "@babel/plugin-transform-json-strings" "^7.22.5"
      "@babel/plugin-transform-literals" "^7.22.5"
      "@babel/plugin-transform-logical-assignment-operators" "^7.22.5"
      "@babel/plugin-transform-member-expression-literals" "^7.22.5"
      "@babel/plugin-transform-modules-amd" "^7.22.5"
      "@babel/plugin-transform-modules-commonjs" "^7.22.5"
      "@babel/plugin-transform-modules-systemjs" "^7.22.5"
      "@babel/plugin-transform-modules-umd" "^7.22.5"
      "@babel/plugin-transform-named-capturing-groups-regex" "^7.22.5"
      "@babel/plugin-transform-new-target" "^7.22.5"
      "@babel/plugin-transform-nullish-coalescing-operator" "^7.22.5"
      "@babel/plugin-transform-numeric-separator" "^7.22.5"
      "@babel/plugin-transform-object-rest-spread" "^7.22.5"
      "@babel/plugin-transform-object-super" "^7.22.5"
      "@babel/plugin-transform-optional-catch-binding" "^7.22.5"
      "@babel/plugin-transform-optional-chaining" "^7.22.10"
      "@babel/plugin-transform-parameters" "^7.22.5"
      "@babel/plugin-transform-private-methods" "^7.22.5"
      "@babel/plugin-transform-private-property-in-object" "^7.22.5"
      "@babel/plugin-transform-property-literals" "^7.22.5"
      "@babel/plugin-transform-regenerator" "^7.22.10"
      "@babel/plugin-transform-reserved-words" "^7.22.5"
      "@babel/plugin-transform-shorthand-properties" "^7.22.5"
      "@babel/plugin-transform-spread" "^7.22.5"
      "@babel/plugin-transform-sticky-regex" "^7.22.5"
      "@babel/plugin-transform-template-literals" "^7.22.5"
      "@babel/plugin-transform-typeof-symbol" "^7.22.5"
      "@babel/plugin-transform-unicode-escapes" "^7.22.10"
      "@babel/plugin-transform-unicode-property-regex" "^7.22.5"
      "@babel/plugin-transform-unicode-regex" "^7.22.5"
      "@babel/plugin-transform-unicode-sets-regex" "^7.22.5"
      "@babel/preset-modules" "0.1.6-no-external-plugins"
      "@babel/types" "^7.22.10"
      babel-plugin-polyfill-corejs2 "^0.4.5"
      babel-plugin-polyfill-corejs3 "^0.8.3"
      babel-plugin-polyfill-regenerator "^0.5.2"
      core-js-compat "^3.31.0"
      semver "^6.3.1"
  
  "@babel/preset-modules@0.1.6-no-external-plugins":
    version "0.1.6-no-external-plugins"
    resolved "https://registry.npmjs.org/@babel/preset-modules/-/preset-modules-0.1.6-no-external-plugins.tgz"
    integrity sha512-HrcgcIESLm9aIR842yhJ5RWan/gebQUJ6E/E5+rf0y9o6oj7w0Br+sWuL6kEQ/o/AdfvR1Je9jG18/gnpwjEyA==
    dependencies:
      "@babel/helper-plugin-utils" "^7.0.0"
      "@babel/types" "^7.4.4"
      esutils "^2.0.2"
  
  "@babel/template@^7.21.9", "@babel/template@^7.27.1":
    version "7.27.2"
    resolved "https://registry.npmjs.org/@babel/template/-/template-7.27.2.tgz"
    integrity sha512-LPDZ85aEJyYSd18/DkjNh4/y1ntkE5KwUHWTiqgRxruuZL2F1yuHligVHLvcHY2vMHXttKFpJn6LwfI7cw7ODw==
    dependencies:
      "@babel/code-frame" "^7.27.1"
      "@babel/parser" "^7.27.2"
      "@babel/types" "^7.27.1"
  
  "@babel/traverse@^7.22.0", "@babel/traverse@^7.27.1":
    version "7.27.1"
    resolved "https://registry.npmjs.org/@babel/traverse/-/traverse-7.27.1.tgz"
    integrity sha512-ZCYtZciz1IWJB4U61UPu4KEaqyfj+r5T1Q5mqPo+IBpcG9kHv30Z0aD8LXPgC1trYa6rK0orRyAhqUgk4MjmEg==
    dependencies:
      "@babel/code-frame" "^7.27.1"
      "@babel/generator" "^7.27.1"
      "@babel/parser" "^7.27.1"
      "@babel/template" "^7.27.1"
      "@babel/types" "^7.27.1"
      debug "^4.3.1"
      globals "^11.1.0"
  
  "@babel/types@^7.22.0", "@babel/types@^7.22.10", "@babel/types@^7.27.1", "@babel/types@^7.4.4":
    version "7.27.1"
    resolved "https://registry.npmjs.org/@babel/types/-/types-7.27.1.tgz"
    integrity sha512-+EzkxvLNfiUeKMgy/3luqfsCWFRXLb7U6wNQTk60tovuckwB15B191tJWvpp4HjiQWdJkCxO3Wbvc6jlk3Xb2Q==
    dependencies:
      "@babel/helper-string-parser" "^7.27.1"
      "@babel/helper-validator-identifier" "^7.27.1"
  
  "@eslint-community/eslint-utils@^4.2.0":
    version "4.7.0"
    resolved "https://registry.npmjs.org/@eslint-community/eslint-utils/-/eslint-utils-4.7.0.tgz"
    integrity sha512-dyybb3AcajC7uha6CvhdVRJqaKyn7w2YKqKyAN37NKYgZT36w+iRb0Dymmc5qEJ549c/S31cMMSFd75bteCpCw==
    dependencies:
      eslint-visitor-keys "^3.4.3"
  
  "@eslint-community/regexpp@^4.6.1":
    version "4.12.1"
    resolved "https://registry.npmjs.org/@eslint-community/regexpp/-/regexpp-4.12.1.tgz"
    integrity sha512-CCZCDJuduB9OUkFkY2IgppNZMi2lBQgD2qzwXkEia16cge2pijY/aXi96CJMquDMn3nJdlPV1A5KrJEXwfLNzQ==
  
  "@eslint/eslintrc@^2.1.2", "@eslint/eslintrc@^2.1.4":
    version "2.1.4"
    resolved "https://registry.npmjs.org/@eslint/eslintrc/-/eslintrc-2.1.4.tgz"
    integrity sha512-269Z39MS6wVJtsoUl10L60WdkhJVdPG24Q4eZTH3nnF6lpvSShEK3wQjDX9JRWAUPvPh7COouPpU9IrqaZFvtQ==
    dependencies:
      ajv "^6.12.4"
      debug "^4.3.2"
      espree "^9.6.0"
      globals "^13.19.0"
      ignore "^5.2.0"
      import-fresh "^3.2.1"
      js-yaml "^4.1.0"
      minimatch "^3.1.2"
      strip-json-comments "^3.1.1"
  
  "@eslint/js@^8.47.0", "@eslint/js@8.57.1":
    version "8.57.1"
    resolved "https://registry.npmjs.org/@eslint/js/-/js-8.57.1.tgz"
    integrity sha512-d9zaMRSTIKDLhctzH12MtXvJKSSUhaHcjV+2Z+GK+EEY7XKpP5yR4x+N3TAcHTcu963nIr+TMcCb4DBCYX1z6Q==
  
  "@humanwhocodes/config-array@^0.11.10":
    version "0.11.14"
    resolved "https://registry.npmjs.org/@humanwhocodes/config-array/-/config-array-0.11.14.tgz"
    integrity sha512-3T8LkOmg45BV5FICb15QQMsyUSWrQ8AygVfC7ZG32zOalnqrilm018ZVCw0eapXux8FtA33q8PSRSstjee3jSg==
    dependencies:
      "@humanwhocodes/object-schema" "^2.0.2"
      debug "^4.3.1"
      minimatch "^3.0.5"
  
  "@humanwhocodes/config-array@^0.13.0":
    version "0.13.0"
    resolved "https://registry.npmjs.org/@humanwhocodes/config-array/-/config-array-0.13.0.tgz"
    integrity sha512-DZLEEqFWQFiyK6h5YIeynKx7JlvCYWL0cImfSRXZ9l4Sg2efkFGTuFf6vzXjK1cq6IYkU+Eg/JizXw+TD2vRNw==
    dependencies:
      "@humanwhocodes/object-schema" "^2.0.3"
      debug "^4.3.1"
      minimatch "^3.0.5"
  
  "@humanwhocodes/module-importer@^1.0.1":
    version "1.0.1"
    resolved "https://registry.npmjs.org/@humanwhocodes/module-importer/-/module-importer-1.0.1.tgz"
    integrity sha512-bxveV4V8v5Yb4ncFTT3rPSgZBOpCkjfK0y4oVVVJwIuDVBRMDXrPyXRL988i5ap9m9bnyEEjWfm5WkBmtffLfA==
  
  "@humanwhocodes/object-schema@^2.0.2", "@humanwhocodes/object-schema@^2.0.3":
    version "2.0.3"
    resolved "https://registry.npmjs.org/@humanwhocodes/object-schema/-/object-schema-2.0.3.tgz"
    integrity sha512-93zYdMES/c1D69yZiKDBj0V24vqNzB/koF26KPaagAfd3P/4gUlh3Dys5ogAK+Exi9QyzlD8x/08Zt7wIKcDcA==
  
  "@jridgewell/gen-mapping@^0.3.5":
    version "0.3.8"
    resolved "https://registry.npmjs.org/@jridgewell/gen-mapping/-/gen-mapping-0.3.8.tgz"
    integrity sha512-imAbBGkb+ebQyxKgzv5Hu2nmROxoDOXHh80evxdoXNOrvAnVx7zimzc1Oo5h9RlfV4vPXaE2iM5pOFbvOCClWA==
    dependencies:
      "@jridgewell/set-array" "^1.2.1"
      "@jridgewell/sourcemap-codec" "^1.4.10"
      "@jridgewell/trace-mapping" "^0.3.24"
  
  "@jridgewell/resolve-uri@^3.1.0":
    version "3.1.2"
    resolved "https://registry.npmjs.org/@jridgewell/resolve-uri/-/resolve-uri-3.1.2.tgz"
    integrity sha512-bRISgCIjP20/tbWSPWMEi54QVPRZExkuD9lJL+UIxUKtwVJA8wW1Trb1jMs1RFXo1CBTNZ/5hpC9QvmKWdopKw==
  
  "@jridgewell/set-array@^1.2.1":
    version "1.2.1"
    resolved "https://registry.npmjs.org/@jridgewell/set-array/-/set-array-1.2.1.tgz"
    integrity sha512-R8gLRTZeyp03ymzP/6Lil/28tGeGEzhx1q2k703KGWRAI1VdvPIXdG70VJc2pAMw3NA6JKL5hhFu1sJX0Mnn/A==
  
  "@jridgewell/source-map@^0.3.3":
    version "0.3.6"
    resolved "https://registry.npmjs.org/@jridgewell/source-map/-/source-map-0.3.6.tgz"
    integrity sha512-1ZJTZebgqllO79ue2bm3rIGud/bOe0pP5BjSRCRxxYkEZS8STV7zN84UBbiYu7jy+eCKSnVIUgoWWE/tt+shMQ==
    dependencies:
      "@jridgewell/gen-mapping" "^0.3.5"
      "@jridgewell/trace-mapping" "^0.3.25"
  
  "@jridgewell/sourcemap-codec@^1.4.10", "@jridgewell/sourcemap-codec@^1.4.14":
    version "1.5.0"
    resolved "https://registry.npmjs.org/@jridgewell/sourcemap-codec/-/sourcemap-codec-1.5.0.tgz"
    integrity sha512-gv3ZRaISU3fjPAgNsriBRqGWQL6quFx04YMPW/zD8XMLsU32mhCCbfbO6KZFLjvYpCZ8zyDEgqsgf+PwPaM7GQ==
  
  "@jridgewell/trace-mapping@^0.3.24", "@jridgewell/trace-mapping@^0.3.25":
    version "0.3.25"
    resolved "https://registry.npmjs.org/@jridgewell/trace-mapping/-/trace-mapping-0.3.25.tgz"
    integrity sha512-vNk6aEwybGtawWmy/PzwnGDOjCkLWSD2wqvjGGAgOAwCGWySYXfYoxt00IJkTF+8Lb57DwOb3Aa0o9CApepiYQ==
    dependencies:
      "@jridgewell/resolve-uri" "^3.1.0"
      "@jridgewell/sourcemap-codec" "^1.4.14"
  
  "@nicolo-ribaudo/eslint-scope-5-internals@5.1.1-v1":
    version "5.1.1-v1"
    resolved "https://registry.npmjs.org/@nicolo-ribaudo/eslint-scope-5-internals/-/eslint-scope-5-internals-5.1.1-v1.tgz"
    integrity sha512-54/JRvkLIzzDWshCWfuhadfrfZVPiElY8Fcgmg1HroEly/EDSszzhBAsarCux+D/kOslTRquNzuyGSmUSTTHGg==
    dependencies:
      eslint-scope "5.1.1"
  
  "@nodelib/fs.scandir@2.1.5":
    version "2.1.5"
    resolved "https://registry.npmjs.org/@nodelib/fs.scandir/-/fs.scandir-2.1.5.tgz"
    integrity sha512-vq24Bq3ym5HEQm2NKCr3yXDwjc7vTsEThRDnkp2DK9p1uqLR+DHurm/NOTo0KG7HYHU7eppKZj3MyqYuMBf62g==
    dependencies:
      "@nodelib/fs.stat" "2.0.5"
      run-parallel "^1.1.9"
  
  "@nodelib/fs.stat@^2.0.2", "@nodelib/fs.stat@2.0.5":
    version "2.0.5"
    resolved "https://registry.npmjs.org/@nodelib/fs.stat/-/fs.stat-2.0.5.tgz"
    integrity sha512-RkhPPp2zrqDAQA/2jNhnztcPAlv64XdhIp7a7454A5ovI7Bukxgt7MX7udwAu3zg1DcpPU0rz3VV1SeaqvY4+A==
  
  "@nodelib/fs.walk@^1.2.3", "@nodelib/fs.walk@^1.2.8":
    version "1.2.8"
    resolved "https://registry.npmjs.org/@nodelib/fs.walk/-/fs.walk-1.2.8.tgz"
    integrity sha512-oGB+UxlgWcgQkgwo8GcEGwemoTFt3FIO9ababBmaGwXIoBKZ+GTy0pP185beGg7Llih/NSHSV2XAs1lnznocSg==
    dependencies:
      "@nodelib/fs.scandir" "2.1.5"
      fastq "^1.6.0"
  
  "@rollup/plugin-terser@0.4.4":
    version "0.4.4"
    resolved "https://registry.npmjs.org/@rollup/plugin-terser/-/plugin-terser-0.4.4.tgz"
    integrity sha512-XHeJC5Bgvs8LfukDwWZp7yeqin6ns8RTl2B9avbejt6tZqsqvVoWI7ZTQrcNsfKEDWBTnTxM8nMDkO2IFFbd0A==
    dependencies:
      serialize-javascript "^6.0.1"
      smob "^1.0.0"
      terser "^5.17.4"
  
  "@rollup/pluginutils@5.0.5":
    version "5.0.5"
    resolved "https://registry.npmjs.org/@rollup/pluginutils/-/pluginutils-5.0.5.tgz"
    integrity sha512-6aEYR910NyP73oHiJglti74iRyOwgFU4x3meH/H8OJx6Ry0j6cOVZ5X/wTvub7G7Ao6qaHBEaNsV3GLJkSsF+Q==
    dependencies:
      "@types/estree" "^1.0.0"
      estree-walker "^2.0.2"
      picomatch "^2.3.1"
  
  "@types/eslint-scope@^3.7.7":
    version "3.7.7"
    resolved "https://registry.npmjs.org/@types/eslint-scope/-/eslint-scope-3.7.7.tgz"
    integrity sha512-MzMFlSLBqNF2gcHWO0G1vP/YQyfvrxZ0bF+u7mzUdZ1/xK4A4sru+nraZz5i3iEIk1l1uyicaDVTB4QbbEkAYg==
    dependencies:
      "@types/eslint" "*"
      "@types/estree" "*"
  
  "@types/eslint@*", "@types/eslint@^8.4.2":
    version "8.56.12"
    resolved "https://registry.npmjs.org/@types/eslint/-/eslint-8.56.12.tgz"
    integrity sha512-03ruubjWyOHlmljCVoxSuNDdmfZDzsrrz0P2LeJsOXr+ZwFQ+0yQIwNCwt/GYhV7Z31fgtXJTAEs+FYlEL851g==
    dependencies:
      "@types/estree" "*"
      "@types/json-schema" "*"
  
  "@types/estree@*", "@types/estree@^1.0.0", "@types/estree@^1.0.6":
    version "1.0.7"
    resolved "https://registry.npmjs.org/@types/estree/-/estree-1.0.7.tgz"
    integrity sha512-w28IoSUCJpidD/TGviZwwMJckNESJZXFu7NBZ5YJ4mEUnNraUn9Pm8HSZm/jDF1pDWYKspWE7oVphigUPRakIQ==
  
  "@types/json-schema@*", "@types/json-schema@^7.0.15", "@types/json-schema@^7.0.8", "@types/json-schema@^7.0.9":
    version "7.0.15"
    resolved "https://registry.npmjs.org/@types/json-schema/-/json-schema-7.0.15.tgz"
    integrity sha512-5+fP8P8MFNC+AyZCDxrB2pkZFPGzqQWUzpSeuuVLvm8VMcorNYavBqoFcxK8bQz4Qsbn4oUEEem4wDLfcysGHA==
  
  "@types/node@*":
    version "22.15.17"
    resolved "https://registry.npmjs.org/@types/node/-/node-22.15.17.tgz"
    integrity sha512-wIX2aSZL5FE+MR0JlvF87BNVrtFWf6AE6rxSE9X7OwnVvoyCQjpzSRJ+M87se/4QCkCiebQAqrJ0y6fwIyi7nw==
    dependencies:
      undici-types "~6.21.0"
  
  "@types/prettier@^2.6.0":
    version "2.7.3"
    resolved "https://registry.npmjs.org/@types/prettier/-/prettier-2.7.3.tgz"
    integrity sha512-+68kP9yzs4LMp7VNh8gdzMSPZFL44MLGqiHWvttYJe+6qnuVr4Ek9wSBQoveqY/r+LwjCcU29kNVkidwim+kYA==
  
  "@typescript-eslint/parser@^5.10.0":
    version "5.62.0"
    resolved "https://registry.npmjs.org/@typescript-eslint/parser/-/parser-5.62.0.tgz"
    integrity sha512-VlJEV0fOQ7BExOsHYAGrgbEiZoi8D+Bl2+f6V2RrXerRSylnp+ZBHmPvaIa8cz0Ajx7WO7Z5RqfgYg7ED1nRhA==
    dependencies:
      "@typescript-eslint/scope-manager" "5.62.0"
      "@typescript-eslint/types" "5.62.0"
      "@typescript-eslint/typescript-estree" "5.62.0"
      debug "^4.3.4"
  
  "@typescript-eslint/scope-manager@5.62.0":
    version "5.62.0"
    resolved "https://registry.npmjs.org/@typescript-eslint/scope-manager/-/scope-manager-5.62.0.tgz"
    integrity sha512-VXuvVvZeQCQb5Zgf4HAxc04q5j+WrNAtNh9OwCsCgpKqESMTu3tF/jhZ3xG6T4NZwWl65Bg8KuS2uEvhSfLl0w==
    dependencies:
      "@typescript-eslint/types" "5.62.0"
      "@typescript-eslint/visitor-keys" "5.62.0"
  
  "@typescript-eslint/types@5.62.0":
    version "5.62.0"
    resolved "https://registry.npmjs.org/@typescript-eslint/types/-/types-5.62.0.tgz"
    integrity sha512-87NVngcbVXUahrRTqIK27gD2t5Cu1yuCXxbLcFtCzZGlfyVWWh8mLHkoxzjsB6DDNnvdL+fW8MiwPEJyGJQDgQ==
  
  "@typescript-eslint/typescript-estree@5.62.0":
    version "5.62.0"
    resolved "https://registry.npmjs.org/@typescript-eslint/typescript-estree/-/typescript-estree-5.62.0.tgz"
    integrity sha512-CmcQ6uY7b9y694lKdRB8FEel7JbU/40iSAPomu++SjLMntB+2Leay2LO6i8VnJk58MtE9/nQSFIH6jpyRWyYzA==
    dependencies:
      "@typescript-eslint/types" "5.62.0"
      "@typescript-eslint/visitor-keys" "5.62.0"
      debug "^4.3.4"
      globby "^11.1.0"
      is-glob "^4.0.3"
      semver "^7.3.7"
      tsutils "^3.21.0"
  
  "@typescript-eslint/visitor-keys@5.62.0":
    version "5.62.0"
    resolved "https://registry.npmjs.org/@typescript-eslint/visitor-keys/-/visitor-keys-5.62.0.tgz"
    integrity sha512-07ny+LHRzQXepkGg6w0mFY41fVUNBrL2Roj/++7V1txKugfjm/Ci/qSND03r2RhlJhJYMcTn9AhhSSqQp0Ysyw==
    dependencies:
      "@typescript-eslint/types" "5.62.0"
      eslint-visitor-keys "^3.3.0"
  
  "@ungap/structured-clone@^1.2.0":
    version "1.3.0"
    resolved "https://registry.npmjs.org/@ungap/structured-clone/-/structured-clone-1.3.0.tgz"
    integrity sha512-WmoN8qaIAo7WTYWbAZuG8PYEhn5fkz7dZrqTBZ7dtt//lL2Gwms1IcnQ5yHqjDfX8Ft5j4YzDM23f87zBfDe9g==
  
  "@webassemblyjs/ast@^1.14.1", "@webassemblyjs/ast@1.14.1":
    version "1.14.1"
    resolved "https://registry.npmjs.org/@webassemblyjs/ast/-/ast-1.14.1.tgz"
    integrity sha512-nuBEDgQfm1ccRp/8bCQrx1frohyufl4JlbMMZ4P1wpeOfDhF6FQkxZJ1b/e+PLwr6X1Nhw6OLme5usuBWYBvuQ==
    dependencies:
      "@webassemblyjs/helper-numbers" "1.13.2"
      "@webassemblyjs/helper-wasm-bytecode" "1.13.2"
  
  "@webassemblyjs/floating-point-hex-parser@1.13.2":
    version "1.13.2"
    resolved "https://registry.npmjs.org/@webassemblyjs/floating-point-hex-parser/-/floating-point-hex-parser-1.13.2.tgz"
    integrity sha512-6oXyTOzbKxGH4steLbLNOu71Oj+C8Lg34n6CqRvqfS2O71BxY6ByfMDRhBytzknj9yGUPVJ1qIKhRlAwO1AovA==
  
  "@webassemblyjs/helper-api-error@1.13.2":
    version "1.13.2"
    resolved "https://registry.npmjs.org/@webassemblyjs/helper-api-error/-/helper-api-error-1.13.2.tgz"
    integrity sha512-U56GMYxy4ZQCbDZd6JuvvNV/WFildOjsaWD3Tzzvmw/mas3cXzRJPMjP83JqEsgSbyrmaGjBfDtV7KDXV9UzFQ==
  
  "@webassemblyjs/helper-buffer@1.14.1":
    version "1.14.1"
    resolved "https://registry.npmjs.org/@webassemblyjs/helper-buffer/-/helper-buffer-1.14.1.tgz"
    integrity sha512-jyH7wtcHiKssDtFPRB+iQdxlDf96m0E39yb0k5uJVhFGleZFoNw1c4aeIcVUPPbXUVJ94wwnMOAqUHyzoEPVMA==
  
  "@webassemblyjs/helper-numbers@1.13.2":
    version "1.13.2"
    resolved "https://registry.npmjs.org/@webassemblyjs/helper-numbers/-/helper-numbers-1.13.2.tgz"
    integrity sha512-FE8aCmS5Q6eQYcV3gI35O4J789wlQA+7JrqTTpJqn5emA4U2hvwJmvFRC0HODS+3Ye6WioDklgd6scJ3+PLnEA==
    dependencies:
      "@webassemblyjs/floating-point-hex-parser" "1.13.2"
      "@webassemblyjs/helper-api-error" "1.13.2"
      "@xtuc/long" "4.2.2"
  
  "@webassemblyjs/helper-wasm-bytecode@1.13.2":
    version "1.13.2"
    resolved "https://registry.npmjs.org/@webassemblyjs/helper-wasm-bytecode/-/helper-wasm-bytecode-1.13.2.tgz"
    integrity sha512-3QbLKy93F0EAIXLh0ogEVR6rOubA9AoZ+WRYhNbFyuB70j3dRdwH9g+qXhLAO0kiYGlg3TxDV+I4rQTr/YNXkA==
  
  "@webassemblyjs/helper-wasm-section@1.14.1":
    version "1.14.1"
    resolved "https://registry.npmjs.org/@webassemblyjs/helper-wasm-section/-/helper-wasm-section-1.14.1.tgz"
    integrity sha512-ds5mXEqTJ6oxRoqjhWDU83OgzAYjwsCV8Lo/N+oRsNDmx/ZDpqalmrtgOMkHwxsG0iI//3BwWAErYRHtgn0dZw==
    dependencies:
      "@webassemblyjs/ast" "1.14.1"
      "@webassemblyjs/helper-buffer" "1.14.1"
      "@webassemblyjs/helper-wasm-bytecode" "1.13.2"
      "@webassemblyjs/wasm-gen" "1.14.1"
  
  "@webassemblyjs/ieee754@1.13.2":
    version "1.13.2"
    resolved "https://registry.npmjs.org/@webassemblyjs/ieee754/-/ieee754-1.13.2.tgz"
    integrity sha512-4LtOzh58S/5lX4ITKxnAK2USuNEvpdVV9AlgGQb8rJDHaLeHciwG4zlGr0j/SNWlr7x3vO1lDEsuePvtcDNCkw==
    dependencies:
      "@xtuc/ieee754" "^1.2.0"
  
  "@webassemblyjs/leb128@1.13.2":
    version "1.13.2"
    resolved "https://registry.npmjs.org/@webassemblyjs/leb128/-/leb128-1.13.2.tgz"
    integrity sha512-Lde1oNoIdzVzdkNEAWZ1dZ5orIbff80YPdHx20mrHwHrVNNTjNr8E3xz9BdpcGqRQbAEa+fkrCb+fRFTl/6sQw==
    dependencies:
      "@xtuc/long" "4.2.2"
  
  "@webassemblyjs/utf8@1.13.2":
    version "1.13.2"
    resolved "https://registry.npmjs.org/@webassemblyjs/utf8/-/utf8-1.13.2.tgz"
    integrity sha512-3NQWGjKTASY1xV5m7Hr0iPeXD9+RDobLll3T9d2AO+g3my8xy5peVyjSag4I50mR1bBSN/Ct12lo+R9tJk0NZQ==
  
  "@webassemblyjs/wasm-edit@^1.14.1":
    version "1.14.1"
    resolved "https://registry.npmjs.org/@webassemblyjs/wasm-edit/-/wasm-edit-1.14.1.tgz"
    integrity sha512-RNJUIQH/J8iA/1NzlE4N7KtyZNHi3w7at7hDjvRNm5rcUXa00z1vRz3glZoULfJ5mpvYhLybmVcwcjGrC1pRrQ==
    dependencies:
      "@webassemblyjs/ast" "1.14.1"
      "@webassemblyjs/helper-buffer" "1.14.1"
      "@webassemblyjs/helper-wasm-bytecode" "1.13.2"
      "@webassemblyjs/helper-wasm-section" "1.14.1"
      "@webassemblyjs/wasm-gen" "1.14.1"
      "@webassemblyjs/wasm-opt" "1.14.1"
      "@webassemblyjs/wasm-parser" "1.14.1"
      "@webassemblyjs/wast-printer" "1.14.1"
  
  "@webassemblyjs/wasm-gen@1.14.1":
    version "1.14.1"
    resolved "https://registry.npmjs.org/@webassemblyjs/wasm-gen/-/wasm-gen-1.14.1.tgz"
    integrity sha512-AmomSIjP8ZbfGQhumkNvgC33AY7qtMCXnN6bL2u2Js4gVCg8fp735aEiMSBbDR7UQIj90n4wKAFUSEd0QN2Ukg==
    dependencies:
      "@webassemblyjs/ast" "1.14.1"
      "@webassemblyjs/helper-wasm-bytecode" "1.13.2"
      "@webassemblyjs/ieee754" "1.13.2"
      "@webassemblyjs/leb128" "1.13.2"
      "@webassemblyjs/utf8" "1.13.2"
  
  "@webassemblyjs/wasm-opt@1.14.1":
    version "1.14.1"
    resolved "https://registry.npmjs.org/@webassemblyjs/wasm-opt/-/wasm-opt-1.14.1.tgz"
    integrity sha512-PTcKLUNvBqnY2U6E5bdOQcSM+oVP/PmrDY9NzowJjislEjwP/C4an2303MCVS2Mg9d3AJpIGdUFIQQWbPds0Sw==
    dependencies:
      "@webassemblyjs/ast" "1.14.1"
      "@webassemblyjs/helper-buffer" "1.14.1"
      "@webassemblyjs/wasm-gen" "1.14.1"
      "@webassemblyjs/wasm-parser" "1.14.1"
  
  "@webassemblyjs/wasm-parser@^1.14.1", "@webassemblyjs/wasm-parser@1.14.1":
    version "1.14.1"
    resolved "https://registry.npmjs.org/@webassemblyjs/wasm-parser/-/wasm-parser-1.14.1.tgz"
    integrity sha512-JLBl+KZ0R5qB7mCnud/yyX08jWFw5MsoalJ1pQ4EdFlgj9VdXKGuENGsiCIjegI1W7p91rUlcB/LB5yRJKNTcQ==
    dependencies:
      "@webassemblyjs/ast" "1.14.1"
      "@webassemblyjs/helper-api-error" "1.13.2"
      "@webassemblyjs/helper-wasm-bytecode" "1.13.2"
      "@webassemblyjs/ieee754" "1.13.2"
      "@webassemblyjs/leb128" "1.13.2"
      "@webassemblyjs/utf8" "1.13.2"
  
  "@webassemblyjs/wast-printer@1.14.1":
    version "1.14.1"
    resolved "https://registry.npmjs.org/@webassemblyjs/wast-printer/-/wast-printer-1.14.1.tgz"
    integrity sha512-kPSSXE6De1XOR820C90RIo2ogvZG+c3KiHzqUoO/F34Y2shGzesfqv7o57xrxovZJH/MetF5UjroJ/R/3isoiw==
    dependencies:
      "@webassemblyjs/ast" "1.14.1"
      "@xtuc/long" "4.2.2"
  
  "@xtuc/ieee754@^1.2.0":
    version "1.2.0"
    resolved "https://registry.npmjs.org/@xtuc/ieee754/-/ieee754-1.2.0.tgz"
    integrity sha512-DX8nKgqcGwsc0eJSqYt5lwP4DH5FlHnmuWWBRy7X0NcaGR0ZtuyeESgMwTYVEtxmsNGY+qit4QYT/MIYTOTPeA==
  
  "@xtuc/long@4.2.2":
    version "4.2.2"
    resolved "https://registry.npmjs.org/@xtuc/long/-/long-4.2.2.tgz"
    integrity sha512-NuHqBY1PB/D8xU6s/thBgOAiAP7HOYDQ32+BFZILJ8ivkUkAHQnWfn6WhL79Owj1qmUnoN/YPhktdIoucipkAQ==
  
  acorn-jsx@^5.3.2:
    version "5.3.2"
    resolved "https://registry.npmjs.org/acorn-jsx/-/acorn-jsx-5.3.2.tgz"
    integrity sha512-rq9s+JNhf0IChjtDXxllJ7g41oZk5SlXtp0LHwyA5cejwn7vKmKp4pPri6YEePv2PU65sAsegbXtIinmDFDXgQ==
  
  "acorn@^6.0.0 || ^7.0.0 || ^8.0.0", acorn@^8.14.0, acorn@^8.8.2, acorn@^8.9.0:
    version "8.14.1"
    resolved "https://registry.npmjs.org/acorn/-/acorn-8.14.1.tgz"
    integrity sha512-OvQ/2pUDKmgfCg++xsTX1wGxfTaszcHVcTctW4UJB4hibJx2HXxxO5UmVgyjMa+ZDsiaf5wWLXYpRWMmBI0QHg==
  
  ajv-formats@^2.1.1:
    version "2.1.1"
    resolved "https://registry.npmjs.org/ajv-formats/-/ajv-formats-2.1.1.tgz"
    integrity sha512-Wx0Kx52hxE7C18hkMEggYlEifqWZtYaRgouJor+WMdPnQyEK13vgEWyVNup7SoeeoLMsr4kf5h6dOW11I15MUA==
    dependencies:
      ajv "^8.0.0"
  
  ajv-keywords@^3.5.2:
    version "3.5.2"
    resolved "https://registry.npmjs.org/ajv-keywords/-/ajv-keywords-3.5.2.tgz"
    integrity sha512-5p6WTN0DdTGVQk6VjcEju19IgaHudalcfabD7yhDGeA6bcQnmL+CpveLJq/3hvfwd1aof6L386Ougkx6RfyMIQ==
  
  ajv-keywords@^5.1.0:
    version "5.1.0"
    resolved "https://registry.npmjs.org/ajv-keywords/-/ajv-keywords-5.1.0.tgz"
    integrity sha512-YCS/JNFAUyr5vAuhk1DWm1CBxRHW9LbJ2ozWeemrIqpbsqKjHVxYPyi5GC0rjZIT5JxJ3virVTS8wk4i/Z+krw==
    dependencies:
      fast-deep-equal "^3.1.3"
  
  ajv@^6.12.4, ajv@^6.12.5, ajv@^6.9.1:
    version "6.12.6"
    resolved "https://registry.npmjs.org/ajv/-/ajv-6.12.6.tgz"
    integrity sha512-j3fVLgvTo527anyYyJOGTYJbG+vnnQYvE0m5mmkc1TK+nxAppkCLMIL0aZ4dblVCNoGShhm+kzE4ZUykBoMg4g==
    dependencies:
      fast-deep-equal "^3.1.1"
      fast-json-stable-stringify "^2.0.0"
      json-schema-traverse "^0.4.1"
      uri-js "^4.2.2"
  
  ajv@^8.0.0:
    version "8.17.1"
    resolved "https://registry.npmjs.org/ajv/-/ajv-8.17.1.tgz"
    integrity sha512-B/gBuNg5SiMTrPkC+A2+cW0RszwxYmn6VYxB/inlBStS5nx6xHIt/ehKRhIMhqusl7a8LjQoZnjCs5vhwxOQ1g==
    dependencies:
      fast-deep-equal "^3.1.3"
      fast-uri "^3.0.1"
      json-schema-traverse "^1.0.0"
      require-from-string "^2.0.2"
  
  ajv@^8.8.2, ajv@^8.9.0:
    version "8.17.1"
    resolved "https://registry.npmjs.org/ajv/-/ajv-8.17.1.tgz"
    integrity sha512-B/gBuNg5SiMTrPkC+A2+cW0RszwxYmn6VYxB/inlBStS5nx6xHIt/ehKRhIMhqusl7a8LjQoZnjCs5vhwxOQ1g==
    dependencies:
      fast-deep-equal "^3.1.3"
      fast-uri "^3.0.1"
      json-schema-traverse "^1.0.0"
      require-from-string "^2.0.2"
  
  ansi-regex@^2.0.0:
    version "2.1.1"
    resolved "https://registry.npmjs.org/ansi-regex/-/ansi-regex-2.1.1.tgz"
    integrity sha512-TIGnTpdo+E3+pCyAluZvtED5p5wCqLdezCyhPZzKPcxvFplEt4i+W7OONCKgeZFT3+y5NZZfOOS/Bdcanm1MYA==
  
  ansi-regex@^3.0.0:
    version "3.0.1"
    resolved "https://registry.npmjs.org/ansi-regex/-/ansi-regex-3.0.1.tgz"
    integrity sha512-+O9Jct8wf++lXxxFc4hc8LsjaSq0HFzzL7cVsw8pRDIPdjKD2mT4ytDZlLuSBZ4cLKZFXIrMGO7DbQCtMJJMKw==
  
  ansi-regex@^5.0.1:
    version "5.0.1"
    resolved "https://registry.npmjs.org/ansi-regex/-/ansi-regex-5.0.1.tgz"
    integrity sha512-quJQXlTSUGL2LH9SUXo8VwsY4soanhgo6LNSm84E1LBcE8s3O0wpdiRzyR9z/ZZJMlMWv37qOOb9pdJlMUEKFQ==
  
  ansi-styles@^2.2.1:
    version "2.2.1"
    resolved "https://registry.npmjs.org/ansi-styles/-/ansi-styles-2.2.1.tgz"
    integrity sha512-kmCevFghRiWM7HB5zTPULl4r9bVFSWjz62MhqizDGUrq2NWuNMQyuv4tHHoKJHs69M/MF64lEcHdYIocrdWQYA==
  
  ansi-styles@^3.2.0:
    version "3.2.1"
    resolved "https://registry.npmjs.org/ansi-styles/-/ansi-styles-3.2.1.tgz"
    integrity sha512-VT0ZI6kZRdTh8YyJw3SMbYm/u+NqfsAxEpWO0Pf9sq8/e94WxxOpPKx9FR1FlyCtOVDNOQ+8ntlqFxiRc+r5qA==
    dependencies:
      color-convert "^1.9.0"
  
  ansi-styles@^4.1.0:
    version "4.3.0"
    resolved "https://registry.npmjs.org/ansi-styles/-/ansi-styles-4.3.0.tgz"
    integrity sha512-zbB9rCJAT1rbjiVDb2hqKFHNYLxgtk8NURxZ3IZwD3F6NtxbXZQCnnSi1Lkx+IDohdPlFp222wVALIheZJQSEg==
    dependencies:
      color-convert "^2.0.1"
  
  anymatch@~3.1.2:
    version "3.1.3"
    resolved "https://registry.npmjs.org/anymatch/-/anymatch-3.1.3.tgz"
    integrity sha512-KMReFUr0B4t+D+OBkjR3KYqvocp2XaSzO55UcB6mgQMd3KbcE+mWTyvVV7D/zsdEbNnV6acZUutkiHQXvTr1Rw==
    dependencies:
      normalize-path "^3.0.0"
      picomatch "^2.0.4"
  
  argparse@^2.0.1:
    version "2.0.1"
    resolved "https://registry.npmjs.org/argparse/-/argparse-2.0.1.tgz"
    integrity sha512-8+9WqebbFzpX9OR+Wa6O29asIogeRMzcGtAINdpMHHyAg10f05aSFVBbcEqGf/PXw1EjAZ+q2/bEBg3DvurK3Q==
  
  array-union@^2.1.0:
    version "2.1.0"
    resolved "https://registry.npmjs.org/array-union/-/array-union-2.1.0.tgz"
    integrity sha512-HGyxoOTYUyCM6stUe6EJgnd4EoewAI7zMdfqO+kGjnlZmBDz/cR5pf8r/cR4Wq60sL/p0IkcjUEEPwS3GFrIyw==
  
  async@^3.2.6:
    version "3.2.6"
    resolved "https://registry.npmjs.org/async/-/async-3.2.6.tgz"
    integrity sha512-htCUDlxyyCLMgaM3xXg0C0LW2xqfuQ6p05pCEIsXuyQ+a1koYKTuBMzRNwmybfLgvJDMd0r1LTn4+E0Ti6C2AA==
  
  babel-loader@9.1.3:
    version "9.1.3"
    resolved "https://registry.npmjs.org/babel-loader/-/babel-loader-9.1.3.tgz"
    integrity sha512-xG3ST4DglodGf8qSwv0MdeWLhrDsw/32QMdTO5T1ZIp9gQur0HkCyFs7Awskr10JKXFXwpAhiCuYX5oGXnRGbw==
    dependencies:
      find-cache-dir "^4.0.0"
      schema-utils "^4.0.0"
  
  babel-plugin-polyfill-corejs2@^0.4.5:
    version "0.4.13"
    resolved "https://registry.npmjs.org/babel-plugin-polyfill-corejs2/-/babel-plugin-polyfill-corejs2-0.4.13.tgz"
    integrity sha512-3sX/eOms8kd3q2KZ6DAhKPc0dgm525Gqq5NtWKZ7QYYZEv57OQ54KtblzJzH1lQF/eQxO8KjWGIK9IPUJNus5g==
    dependencies:
      "@babel/compat-data" "^7.22.6"
      "@babel/helper-define-polyfill-provider" "^0.6.4"
      semver "^6.3.1"
  
  babel-plugin-polyfill-corejs3@^0.8.3:
    version "0.8.7"
    resolved "https://registry.npmjs.org/babel-plugin-polyfill-corejs3/-/babel-plugin-polyfill-corejs3-0.8.7.tgz"
    integrity sha512-KyDvZYxAzkC0Aj2dAPyDzi2Ym15e5JKZSK+maI7NAwSqofvuFglbSsxE7wUOvTg9oFVnHMzVzBKcqEb4PJgtOA==
    dependencies:
      "@babel/helper-define-polyfill-provider" "^0.4.4"
      core-js-compat "^3.33.1"
  
  babel-plugin-polyfill-regenerator@^0.5.2:
    version "0.5.5"
    resolved "https://registry.npmjs.org/babel-plugin-polyfill-regenerator/-/babel-plugin-polyfill-regenerator-0.5.5.tgz"
    integrity sha512-OJGYZlhLqBh2DDHeqAxWB1XIvr49CxiJ2gIt61/PU55CQK4Z58OzMqjDe1zwQdQk+rBYsRc+1rJmdajM3gimHg==
    dependencies:
      "@babel/helper-define-polyfill-provider" "^0.5.0"
  
  balanced-match@^1.0.0:
    version "1.0.2"
    resolved "https://registry.npmjs.org/balanced-match/-/balanced-match-1.0.2.tgz"
    integrity sha512-3oSeUO0TMV67hN1AmbXsK4yaqU7tjiHlbxRDZOpH0KW9+CeX4bRAaX0Anxt0tx2MrpRpWwQaPwIlISEJhYU5Pw==
  
  basic-auth@^2.0.1:
    version "2.0.1"
    resolved "https://registry.npmjs.org/basic-auth/-/basic-auth-2.0.1.tgz"
    integrity sha512-NF+epuEdnUYVlGuhaxbbq+dvJttwLnGY+YixlXlME5KpQ5W3CnXA5cVTneY3SPbPDRkcjMbifrwmFYcClgOZeg==
    dependencies:
      safe-buffer "5.1.2"
  
  big.js@^5.2.2:
    version "5.2.2"
    resolved "https://registry.npmjs.org/big.js/-/big.js-5.2.2.tgz"
    integrity sha512-vyL2OymJxmarO8gxMr0mhChsO9QGwhynfuu4+MHTAW6czfq9humCB7rKpUjDd9YUiDPU4mzpyupFSvOClAwbmQ==
  
  binary-extensions@^2.0.0:
    version "2.3.0"
    resolved "https://registry.npmjs.org/binary-extensions/-/binary-extensions-2.3.0.tgz"
    integrity sha512-Ceh+7ox5qe7LJuLHoY0feh3pHuUDHAcRUeyL2VYghZwfpkNIy/+8Ocg0a3UuSoYzavmylwuLWQOf3hl0jjMMIw==
  
  brace-expansion@^1.1.7:
    version "1.1.11"
    resolved "https://registry.npmjs.org/brace-expansion/-/brace-expansion-1.1.11.tgz"
    integrity sha512-iCuPHDFgrHX7H2vEI/5xpz07zSHB00TpugqhmYtVmMO6518mCuRMoOYFldEBl0g187ufozdaHgWKcYFb61qGiA==
    dependencies:
      balanced-match "^1.0.0"
      concat-map "0.0.1"
  
  braces@^3.0.3, braces@~3.0.2:
    version "3.0.3"
    resolved "https://registry.npmjs.org/braces/-/braces-3.0.3.tgz"
    integrity sha512-yQbXgO/OSZVD2IsiLlro+7Hf6Q18EJrKSEsdoMzKePKXct3gvD8oLcOQdIzGupr5Fj+EDe8gO/lxc1BzfMpxvA==
    dependencies:
      fill-range "^7.1.1"
  
  browserslist@^4.24.0, browserslist@^4.24.4, "browserslist@>= 4.21.0":
    version "4.24.5"
    resolved "https://registry.npmjs.org/browserslist/-/browserslist-4.24.5.tgz"
    integrity sha512-FDToo4Wo82hIdgc1CQ+NQD0hEhmpPjrZ3hiUgwgOG6IuTdlpr8jdjyG24P6cNP1yJpTLzS5OcGgSw0xmDU1/Tw==
    dependencies:
      caniuse-lite "^1.0.30001716"
      electron-to-chromium "^1.5.149"
      node-releases "^2.0.19"
      update-browserslist-db "^1.1.3"
  
  buffer-from@^1.0.0:
    version "1.1.2"
    resolved "https://registry.npmjs.org/buffer-from/-/buffer-from-1.1.2.tgz"
    integrity sha512-E+XQCRwSbaaiChtv6k6Dwgc+bx+Bs6vuKJHHl5kox/BaKbhiXzqQOwK4cO22yElGp2OCmjwVhT3HmxgyPGnJfQ==
  
  call-bind-apply-helpers@^1.0.1, call-bind-apply-helpers@^1.0.2:
    version "1.0.2"
    resolved "https://registry.npmjs.org/call-bind-apply-helpers/-/call-bind-apply-helpers-1.0.2.tgz"
    integrity sha512-Sp1ablJ0ivDkSzjcaJdxEunN5/XvksFJ2sMBFfq6x0ryhQV/2b/KwFe21cMpmHtPOSij8K99/wSfoEuTObmuMQ==
    dependencies:
      es-errors "^1.3.0"
      function-bind "^1.1.2"
  
  call-bound@^1.0.2:
    version "1.0.4"
    resolved "https://registry.npmjs.org/call-bound/-/call-bound-1.0.4.tgz"
    integrity sha512-+ys997U96po4Kx/ABpBCqhA9EuxJaQWDQg7295H4hBphv3IZg0boBKuwYpt4YXp6MZ5AmZQnU/tyMTlRpaSejg==
    dependencies:
      call-bind-apply-helpers "^1.0.2"
      get-intrinsic "^1.3.0"
  
  callsites@^3.0.0:
    version "3.1.0"
    resolved "https://registry.npmjs.org/callsites/-/callsites-3.1.0.tgz"
    integrity sha512-P8BjAsXvZS+VIDUI11hHCQEv74YT67YUi5JJFNWIqL235sBmjX4+qx9Muvls5ivyNENctx46xQLQ3aTuE7ssaQ==
  
  caniuse-lite@^1.0.30001716:
    version "1.0.30001717"
    resolved "https://registry.npmjs.org/caniuse-lite/-/caniuse-lite-1.0.30001717.tgz"
    integrity sha512-auPpttCq6BDEG8ZAuHJIplGw6GODhjw+/11e7IjpnYCxZcW/ONgPs0KVBJ0d1bY3e2+7PRe5RCLyP+PfwVgkYw==
  
  chalk@^1.1.3:
    version "1.1.3"
    resolved "https://registry.npmjs.org/chalk/-/chalk-1.1.3.tgz"
    integrity sha512-U3lRVLMSlsCfjqYPbLyVv11M9CPW4I728d6TCKMAOJueEeB9/8o+eSsMnxPJD+Q+K909sdESg7C+tIkoH6on1A==
    dependencies:
      ansi-styles "^2.2.1"
      escape-string-regexp "^1.0.2"
      has-ansi "^2.0.0"
      strip-ansi "^3.0.0"
      supports-color "^2.0.0"
  
  chalk@^4.0.0, chalk@^4.1.2:
    version "4.1.2"
    resolved "https://registry.npmjs.org/chalk/-/chalk-4.1.2.tgz"
    integrity sha512-oKnbhFyRIXpUuez8iBMmyEa4nbj4IOQyuhc/wy9kY7/WVPcwIO9VA668Pu8RkO7+0G76SLROeyw9CpQ061i4mA==
    dependencies:
      ansi-styles "^4.1.0"
      supports-color "^7.1.0"
  
  chokidar@^3.5.2:
    version "3.6.0"
    resolved "https://registry.npmjs.org/chokidar/-/chokidar-3.6.0.tgz"
    integrity sha512-7VT13fmjotKpGipCW9JEQAusEPE+Ei8nl6/g4FBAmIm0GOOLMua9NDDo/DWp0ZAxCr3cPq5ZpBqmPAQgDda2Pw==
    dependencies:
      anymatch "~3.1.2"
      braces "~3.0.2"
      glob-parent "~5.1.2"
      is-binary-path "~2.1.0"
      is-glob "~4.0.1"
      normalize-path "~3.0.0"
      readdirp "~3.6.0"
    optionalDependencies:
      fsevents "~2.3.2"
  
  chrome-trace-event@^1.0.2:
    version "1.0.4"
    resolved "https://registry.npmjs.org/chrome-trace-event/-/chrome-trace-event-1.0.4.tgz"
    integrity sha512-rNjApaLzuwaOTjCiT8lSDdGN1APCiqkChLMJxJPWLunPAt5fy8xgU9/jNOchV84wfIxrA0lRQB7oCT8jrn/wrQ==
  
  color-convert@^1.9.0:
    version "1.9.3"
    resolved "https://registry.npmjs.org/color-convert/-/color-convert-1.9.3.tgz"
    integrity sha512-QfAUtd+vFdAtFQcC8CCyYt1fYWxSqAiK2cSD6zDB8N3cpsEBAvRxp9zOGg6G/SHHJYAT88/az/IuDGALsNVbGg==
    dependencies:
      color-name "1.1.3"
  
  color-convert@^2.0.1:
    version "2.0.1"
    resolved "https://registry.npmjs.org/color-convert/-/color-convert-2.0.1.tgz"
    integrity sha512-RRECPsj7iu/xb5oKYcsFHSppFNnsj/52OVTRKb4zP5onXwVF3zVmmToNcOfGC+CRDpfK/U584fMg38ZHCaElKQ==
    dependencies:
      color-name "~1.1.4"
  
  color-name@~1.1.4:
    version "1.1.4"
    resolved "https://registry.npmjs.org/color-name/-/color-name-1.1.4.tgz"
    integrity sha512-dOy+3AuW3a2wNbZHIuMZpTcgjGuLU/uBL/ubcZF9OXbDo8ff4O8yVp5Bf0efS8uEoYo5q4Fx7dY9OgQGXgAsQA==
  
  color-name@1.1.3:
    version "1.1.3"
    resolved "https://registry.npmjs.org/color-name/-/color-name-1.1.3.tgz"
    integrity sha512-72fSenhMw2HZMTVHeCA9KCmpEIbzWiQsjN+BHcBbS9vr1mtt+vJjPdksIBNUmKAW8TFUDPJK5SUU3QhE9NEXDw==
  
  commander@^2.20.0:
    version "2.20.3"
    resolved "https://registry.npmjs.org/commander/-/commander-2.20.3.tgz"
    integrity sha512-GpVkmM8vF2vQUkj2LvZmD35JxeJOLCwJ9cUkugyk2nuhbv3+mJvpLYYt+0+USMxE+oj+ey/lJEnhZw75x/OMcQ==
  
  common-path-prefix@^3.0.0:
    version "3.0.0"
    resolved "https://registry.npmjs.org/common-path-prefix/-/common-path-prefix-3.0.0.tgz"
    integrity sha512-QE33hToZseCH3jS0qN96O/bSh3kaw/h+Tq7ngyY9eWDUnTlTNUyqfqvCXioLe5Na5jFsL78ra/wuBU4iuEgd4w==
  
  common-tags@^1.4.0:
    version "1.8.2"
    resolved "https://registry.npmjs.org/common-tags/-/common-tags-1.8.2.tgz"
    integrity sha512-gk/Z852D2Wtb//0I+kRFNKKE9dIIVirjoqPoA1wJU+XePVXZfGeBpk45+A1rKO4Q43prqWBNY/MiIeRLbPWUaA==
  
  concat-map@0.0.1:
    version "0.0.1"
    resolved "https://registry.npmjs.org/concat-map/-/concat-map-0.0.1.tgz"
    integrity sha512-/Srv4dswyQNBfohGpz9o6Yb3Gz3SrUDqBH5rTuhGR7ahtlbYKnVxw2bCFMRljaA7EXHaXZ8wsHdodFvbkhKmqg==
  
  convert-source-map@^1.7.0:
    version "1.9.0"
    resolved "https://registry.npmjs.org/convert-source-map/-/convert-source-map-1.9.0.tgz"
    integrity sha512-ASFBup0Mz1uyiIjANan1jzLQami9z1PoYSZCiiYW2FczPbenXc45FZdBZLzOT+r6+iciuEModtmCti+hjaAk0A==
  
  core-js-compat@^3.31.0, core-js-compat@^3.33.1:
    version "3.42.0"
    resolved "https://registry.npmjs.org/core-js-compat/-/core-js-compat-3.42.0.tgz"
    integrity sha512-bQasjMfyDGyaeWKBIu33lHh9qlSR0MFE/Nmc6nMjf/iU9b3rSMdAYz1Baxrv4lPdGUsTqZudHA4jIGSJy0SWZQ==
    dependencies:
      browserslist "^4.24.4"
  
  corser@^2.0.1:
    version "2.0.1"
    resolved "https://registry.npmjs.org/corser/-/corser-2.0.1.tgz"
    integrity sha512-utCYNzRSQIZNPIcGZdQc92UVJYAhtGAteCFg0yRaFm8f0P+CPtyGyHXJcGXnffjCybUCEx3FQ2G7U3/o9eIkVQ==
  
  cross-spawn@^7.0.2:
    version "7.0.6"
    resolved "https://registry.npmjs.org/cross-spawn/-/cross-spawn-7.0.6.tgz"
    integrity sha512-uV2QOWP2nWzsy2aMp8aRibhi9dlzF5Hgh5SHaB9OiTGEyDTiJJyx0uy51QXdyWbtAHNua4XJzUKca3OzKUd3vA==
    dependencies:
      path-key "^3.1.0"
      shebang-command "^2.0.0"
      which "^2.0.1"
  
  debug@^3.2.7:
    version "3.2.7"
    resolved "https://registry.npmjs.org/debug/-/debug-3.2.7.tgz"
    integrity sha512-CFjzYYAi4ThfiQvizrFQevTTXHtnCqWfe7x1AhgEscTz6ZbLbfoLRLPugTQyBth6f8ZERVUSyWHFD/7Wu4t1XQ==
    dependencies:
      ms "^2.1.1"
  
  debug@^4.1.0, debug@^4.1.1, debug@^4.3.1, debug@^4.3.2, debug@^4.3.4, debug@^4.3.6:
    version "4.4.0"
    resolved "https://registry.npmjs.org/debug/-/debug-4.4.0.tgz"
    integrity sha512-6WTZ/IxCY/T6BALoZHaE4ctp9xm+Z5kY/pzYaCHRFeyVhojxlrm+46y68HA6hr0TcwEssoxNiDEUJQjfPZ/RYA==
    dependencies:
      ms "^2.1.3"
  
  deep-is@^0.1.3:
    version "0.1.4"
    resolved "https://registry.npmjs.org/deep-is/-/deep-is-0.1.4.tgz"
    integrity sha512-oIPzksmTg4/MriiaYGO+okXDT7ztn/w3Eptv/+gSIdMdKsJo0u4CfYNFJPy+4SKMuCqGw2wxnA+URMg3t8a/bQ==
  
  dir-glob@^3.0.1:
    version "3.0.1"
    resolved "https://registry.npmjs.org/dir-glob/-/dir-glob-3.0.1.tgz"
    integrity sha512-WkrWp9GR4KXfKGYzOLmTuGVi1UWFfws377n9cc55/tb6DuqyF6pcQ5AbiHEshaDpY9v6oaSr2XCDidGmMwdzIA==
    dependencies:
      path-type "^4.0.0"
  
  dlv@^1.1.0:
    version "1.1.3"
    resolved "https://registry.npmjs.org/dlv/-/dlv-1.1.3.tgz"
    integrity sha512-+HlytyjlPKnIG8XuRG8WvmBP8xs8P71y+SKKS6ZXWoEgLuePxtDoUEiH7WkdePWrQ5JBpE6aoVqfZfJUQkjXwA==
  
  doctrine@^3.0.0:
    version "3.0.0"
    resolved "https://registry.npmjs.org/doctrine/-/doctrine-3.0.0.tgz"
    integrity sha512-yS+Q5i3hBf7GBkd4KG8a7eBNNWNGLTaEwwYWUijIYM7zrlYDM0BFXHjjPWlWZ1Rg7UaddZeIDmi9jF3HmqiQ2w==
    dependencies:
      esutils "^2.0.2"
  
  dunder-proto@^1.0.1:
    version "1.0.1"
    resolved "https://registry.npmjs.org/dunder-proto/-/dunder-proto-1.0.1.tgz"
    integrity sha512-KIN/nDJBQRcXw0MLVhZE9iQHmG68qAVIBg9CqmUYjmQIhgij9U5MFvrqkUL5FbtyyzZuOeOt0zdeRe4UY7ct+A==
    dependencies:
      call-bind-apply-helpers "^1.0.1"
      es-errors "^1.3.0"
      gopd "^1.2.0"
  
  electron-to-chromium@^1.5.149:
    version "1.5.151"
    resolved "https://registry.npmjs.org/electron-to-chromium/-/electron-to-chromium-1.5.151.tgz"
    integrity sha512-Rl6uugut2l9sLojjS4H4SAr3A4IgACMLgpuEMPYCVcKydzfyPrn5absNRju38IhQOf/NwjJY8OGWjlteqYeBCA==
  
  emojis-list@^3.0.0:
    version "3.0.0"
    resolved "https://registry.npmjs.org/emojis-list/-/emojis-list-3.0.0.tgz"
    integrity sha512-/kyM18EfinwXZbno9FyUGeFh87KC8HRQBQGildHZbEuRyWFOmv1U10o9BBp8XVZDVNNuQKyIGIu5ZYAAXJ0V2Q==
  
  enhanced-resolve@^5.17.1:
    version "5.18.1"
    resolved "https://registry.npmjs.org/enhanced-resolve/-/enhanced-resolve-5.18.1.tgz"
    integrity sha512-ZSW3ma5GkcQBIpwZTSRAI8N71Uuwgs93IezB7mf7R60tC8ZbJideoDNKjHn2O9KIlx6rkGTTEk1xUCK2E1Y2Yg==
    dependencies:
      graceful-fs "^4.2.4"
      tapable "^2.2.0"
  
  es-define-property@^1.0.1:
    version "1.0.1"
    resolved "https://registry.npmjs.org/es-define-property/-/es-define-property-1.0.1.tgz"
    integrity sha512-e3nRfgfUZ4rNGL232gUgX06QNyyez04KdjFrF+LTRoOXmrOgFKDg4BCdsjW8EnT69eqdYGmRpJwiPVYNrCaW3g==
  
  es-errors@^1.3.0:
    version "1.3.0"
    resolved "https://registry.npmjs.org/es-errors/-/es-errors-1.3.0.tgz"
    integrity sha512-Zf5H2Kxt2xjTvbJvP2ZWLEICxA6j+hAmMzIlypy4xcBg1vKVnx89Wy0GbS+kf5cwCVFFzdCFh2XSCFNULS6csw==
  
  es-module-lexer@^1.2.1:
    version "1.7.0"
    resolved "https://registry.npmjs.org/es-module-lexer/-/es-module-lexer-1.7.0.tgz"
    integrity sha512-jEQoCwk8hyb2AZziIOLhDqpm5+2ww5uIE6lkO/6jcOCusfk6LhMHpXXfBLXTZ7Ydyt0j4VoUQv6uGNYbdW+kBA==
  
  es-object-atoms@^1.0.0, es-object-atoms@^1.1.1:
    version "1.1.1"
    resolved "https://registry.npmjs.org/es-object-atoms/-/es-object-atoms-1.1.1.tgz"
    integrity sha512-FGgH2h8zKNim9ljj7dankFPcICIK9Cp5bm+c2gQSYePhpaG5+esrLODihIorn+Pe6FGJzWhXQotPv73jTaldXA==
    dependencies:
      es-errors "^1.3.0"
  
  escalade@^3.2.0:
    version "3.2.0"
    resolved "https://registry.npmjs.org/escalade/-/escalade-3.2.0.tgz"
    integrity sha512-WUj2qlxaQtO4g6Pq5c29GTcWGDyd8itL8zTlipgECz3JesAiiOKotd8JU6otB3PACgG6xkJUyVhboMS+bje/jA==
  
  escape-string-regexp@^1.0.2:
    version "1.0.5"
    resolved "https://registry.npmjs.org/escape-string-regexp/-/escape-string-regexp-1.0.5.tgz"
    integrity sha512-vbRorB5FUQWvla16U8R/qgaFIya2qGzwDrNmCZuYKrbdSUMG6I1ZCGQRefkRVhuOkIGVne7BQ35DSfo1qvJqFg==
  
  escape-string-regexp@^4.0.0:
    version "4.0.0"
    resolved "https://registry.npmjs.org/escape-string-regexp/-/escape-string-regexp-4.0.0.tgz"
    integrity sha512-TtpcNJ3XAzx3Gq8sWRzJaVajRs0uVxA2YAkdb1jm2YkPz4G6egUFAyA3n5vtEIZefPk5Wa4UXbKuS5fKkJWdgA==
  
  eslint-config-google@0.14.0:
    version "0.14.0"
    resolved "https://registry.npmjs.org/eslint-config-google/-/eslint-config-google-0.14.0.tgz"
    integrity sha512-WsbX4WbjuMvTdeVL6+J3rK1RGhCTqjsFjX7UMSMgZiyxxaNLkoJENbrGExzERFeoTpGw3F3FypTiWAP9ZXzkEw==
  
  eslint-config-prettier@^10.1.2:
    version "10.1.5"
    resolved "https://registry.npmjs.org/eslint-config-prettier/-/eslint-config-prettier-10.1.5.tgz"
    integrity sha512-zc1UmCpNltmVY34vuLRV61r1K27sWuX39E+uyUnY8xS2Bex88VV9cugG+UZbRSRGtGyFboj+D8JODyme1plMpw==
  
  eslint-scope@^7.0.0, eslint-scope@^7.2.2:
    version "7.2.2"
    resolved "https://registry.npmjs.org/eslint-scope/-/eslint-scope-7.2.2.tgz"
    integrity sha512-dOt21O7lTMhDM+X9mB4GX+DZrZtCUJPL/wlcTqxyrx5IvO0IYtILdtrQGQp+8n5S0gwSVmOf9NQrjMOgfQZlIg==
    dependencies:
      esrecurse "^4.3.0"
      estraverse "^5.2.0"
  
  eslint-scope@5.1.1:
    version "5.1.1"
    resolved "https://registry.npmjs.org/eslint-scope/-/eslint-scope-5.1.1.tgz"
    integrity sha512-2NxwbF/hZ0KpepYN0cNbo+FN6XoK7GaHlQhgx/hIZl6Va0bF45RQOOwhLIy8lQDbuCiadSLCBnH2CFYquit5bw==
    dependencies:
      esrecurse "^4.3.0"
      estraverse "^4.1.1"
  
  eslint-visitor-keys@^2.1.0:
    version "2.1.0"
    resolved "https://registry.npmjs.org/eslint-visitor-keys/-/eslint-visitor-keys-2.1.0.tgz"
    integrity sha512-0rSmRBzXgDzIsD6mGdJgevzgezI534Cer5L/vyMX0kHzT/jiB43jRhd9YUlMGYLQy2zprNmoT8qasCGtY+QaKw==
  
  eslint-visitor-keys@^3.1.0, eslint-visitor-keys@^3.3.0, eslint-visitor-keys@^3.4.1, eslint-visitor-keys@^3.4.3:
    version "3.4.3"
    resolved "https://registry.npmjs.org/eslint-visitor-keys/-/eslint-visitor-keys-3.4.3.tgz"
    integrity sha512-wpc+LXeiyiisxPlEkUzU6svyS1frIO3Mgxj1fdy7Pm8Ygzguax2N3Fa/D/ag1WqbOprdI+uY6wMUl8/a2G+iag==
  
  "eslint@^6.0.0 || ^7.0.0 || ^8.0.0", eslint@^8.7.0, eslint@>=6.0.0:
    version "8.57.1"
    resolved "https://registry.npmjs.org/eslint/-/eslint-8.57.1.tgz"
    integrity sha512-ypowyDxpVSYpkXr9WPv2PAZCtNip1Mv5KTW0SCurXv/9iOpcrH9PaqUElksqEB6pChqHGDRCFTyrZlGhnLNGiA==
    dependencies:
      "@eslint-community/eslint-utils" "^4.2.0"
      "@eslint-community/regexpp" "^4.6.1"
      "@eslint/eslintrc" "^2.1.4"
      "@eslint/js" "8.57.1"
      "@humanwhocodes/config-array" "^0.13.0"
      "@humanwhocodes/module-importer" "^1.0.1"
      "@nodelib/fs.walk" "^1.2.8"
      "@ungap/structured-clone" "^1.2.0"
      ajv "^6.12.4"
      chalk "^4.0.0"
      cross-spawn "^7.0.2"
      debug "^4.3.2"
      doctrine "^3.0.0"
      escape-string-regexp "^4.0.0"
      eslint-scope "^7.2.2"
      eslint-visitor-keys "^3.4.3"
      espree "^9.6.1"
      esquery "^1.4.2"
      esutils "^2.0.2"
      fast-deep-equal "^3.1.3"
      file-entry-cache "^6.0.1"
      find-up "^5.0.0"
      glob-parent "^6.0.2"
      globals "^13.19.0"
      graphemer "^1.4.0"
      ignore "^5.2.0"
      imurmurhash "^0.1.4"
      is-glob "^4.0.0"
      is-path-inside "^3.0.3"
      js-yaml "^4.1.0"
      json-stable-stringify-without-jsonify "^1.0.1"
      levn "^0.4.1"
      lodash.merge "^4.6.2"
      minimatch "^3.1.2"
      natural-compare "^1.4.0"
      optionator "^0.9.3"
      strip-ansi "^6.0.1"
      text-table "^0.2.0"
  
  "eslint@^6.0.0 || ^7.0.0 || >=8.0.0", "eslint@^7.5.0 || ^8.0.0", eslint@>=5.16.0, eslint@>=7.0.0, eslint@8.47.0:
    version "8.47.0"
    resolved "https://registry.npmjs.org/eslint/-/eslint-8.47.0.tgz"
    integrity sha512-spUQWrdPt+pRVP1TTJLmfRNJJHHZryFmptzcafwSvHsceV81djHOdnEeDmkdotZyLNjDhrOasNK8nikkoG1O8Q==
    dependencies:
      "@eslint-community/eslint-utils" "^4.2.0"
      "@eslint-community/regexpp" "^4.6.1"
      "@eslint/eslintrc" "^2.1.2"
      "@eslint/js" "^8.47.0"
      "@humanwhocodes/config-array" "^0.11.10"
      "@humanwhocodes/module-importer" "^1.0.1"
      "@nodelib/fs.walk" "^1.2.8"
      ajv "^6.12.4"
      chalk "^4.0.0"
      cross-spawn "^7.0.2"
      debug "^4.3.2"
      doctrine "^3.0.0"
      escape-string-regexp "^4.0.0"
      eslint-scope "^7.2.2"
      eslint-visitor-keys "^3.4.3"
      espree "^9.6.1"
      esquery "^1.4.2"
      esutils "^2.0.2"
      fast-deep-equal "^3.1.3"
      file-entry-cache "^6.0.1"
      find-up "^5.0.0"
      glob-parent "^6.0.2"
      globals "^13.19.0"
      graphemer "^1.4.0"
      ignore "^5.2.0"
      imurmurhash "^0.1.4"
      is-glob "^4.0.0"
      is-path-inside "^3.0.3"
      js-yaml "^4.1.0"
      json-stable-stringify-without-jsonify "^1.0.1"
      levn "^0.4.1"
      lodash.merge "^4.6.2"
      minimatch "^3.1.2"
      natural-compare "^1.4.0"
      optionator "^0.9.3"
      strip-ansi "^6.0.1"
      text-table "^0.2.0"
  
  espree@^9.0.0, espree@^9.6.0, espree@^9.6.1:
    version "9.6.1"
    resolved "https://registry.npmjs.org/espree/-/espree-9.6.1.tgz"
    integrity sha512-oruZaFkjorTpF32kDSI5/75ViwGeZginGGy2NoOSg3Q9bnwlnmDm4HLnkl0RE3n+njDXR037aY1+x58Z/zFdwQ==
    dependencies:
      acorn "^8.9.0"
      acorn-jsx "^5.3.2"
      eslint-visitor-keys "^3.4.1"
  
  esquery@^1.4.0, esquery@^1.4.2:
    version "1.6.0"
    resolved "https://registry.npmjs.org/esquery/-/esquery-1.6.0.tgz"
    integrity sha512-ca9pw9fomFcKPvFLXhBKUK90ZvGibiGOvRJNbjljY7s7uq/5YO4BOzcYtJqExdx99rF6aAcnRxHmcUHcz6sQsg==
    dependencies:
      estraverse "^5.1.0"
  
  esrecurse@^4.3.0:
    version "4.3.0"
    resolved "https://registry.npmjs.org/esrecurse/-/esrecurse-4.3.0.tgz"
    integrity sha512-KmfKL3b6G+RXvP8N1vr3Tq1kL/oCFgn2NYXEtqP8/L3pKapUA4G8cFVaoF3SU323CD4XypR/ffioHmkti6/Tag==
    dependencies:
      estraverse "^5.2.0"
  
  estraverse@^4.1.1:
    version "4.3.0"
    resolved "https://registry.npmjs.org/estraverse/-/estraverse-4.3.0.tgz"
    integrity sha512-39nnKffWz8xN1BU/2c79n9nB9HDzo0niYUqx6xyqUnyoAnQyyWpOTdZEeiCch8BBu515t4wp9ZmgVfVhn9EBpw==
  
  estraverse@^5.1.0, estraverse@^5.2.0:
    version "5.3.0"
    resolved "https://registry.npmjs.org/estraverse/-/estraverse-5.3.0.tgz"
    integrity sha512-MMdARuVEQziNTeJD8DgMqmhwR11BRQ/cBP+pLtYdSTnf3MIO8fFeiINEbX36ZdNlfU/7A9f3gUw49B3oQsvwBA==
  
  estree-walker@^2.0.2:
    version "2.0.2"
    resolved "https://registry.npmjs.org/estree-walker/-/estree-walker-2.0.2.tgz"
    integrity sha512-Rfkk/Mp/DL7JVje3u18FxFujQlTNR2q6QfMSMB7AvCBx91NGj/ba3kCfza0f6dVDbw7YlRf/nDrn7pQrCCyQ/w==
  
  esutils@^2.0.2:
    version "2.0.3"
    resolved "https://registry.npmjs.org/esutils/-/esutils-2.0.3.tgz"
    integrity sha512-kVscqXk4OCp68SZ0dkgEKVi6/8ij300KBWTJq32P/dYeWTSwK41WyTxalN1eRmA5Z9UU/LX9D7FWSmV9SAYx6g==
  
  eventemitter3@^4.0.0:
    version "4.0.7"
    resolved "https://registry.npmjs.org/eventemitter3/-/eventemitter3-4.0.7.tgz"
    integrity sha512-8guHBZCwKnFhYdHr2ysuRWErTwhoN2X8XELRlrRwpmfeY2jjuUN4taQMsULKUVo1K4DvZl+0pgfyoysHxvmvEw==
  
  events@^3.2.0:
    version "3.3.0"
    resolved "https://registry.npmjs.org/events/-/events-3.3.0.tgz"
    integrity sha512-mQw+2fkQbALzQ7V0MY0IqdnXNOeTtP4r0lN9z7AAawCXgqea7bDii20AYrIBrFd/Hx0M2Ocz6S111CaFkUcb0Q==
  
  fast-deep-equal@^3.1.1, fast-deep-equal@^3.1.3:
    version "3.1.3"
    resolved "https://registry.npmjs.org/fast-deep-equal/-/fast-deep-equal-3.1.3.tgz"
    integrity sha512-f3qQ9oQy9j2AhBe/H9VC91wLmKBCCU/gDOnKNAYG5hswO7BLKj09Hc5HYNz9cGI++xlpDCIgDaitVs03ATR84Q==
  
  fast-glob@^3.2.9:
    version "3.3.3"
    resolved "https://registry.npmjs.org/fast-glob/-/fast-glob-3.3.3.tgz"
    integrity sha512-7MptL8U0cqcFdzIzwOTHoilX9x5BrNqye7Z/LuC7kCMRio1EMSyqRK3BEAUD7sXRq4iT4AzTVuZdhgQ2TCvYLg==
    dependencies:
      "@nodelib/fs.stat" "^2.0.2"
      "@nodelib/fs.walk" "^1.2.3"
      glob-parent "^5.1.2"
      merge2 "^1.3.0"
      micromatch "^4.0.8"
  
  fast-json-stable-stringify@^2.0.0:
    version "2.1.0"
    resolved "https://registry.npmjs.org/fast-json-stable-stringify/-/fast-json-stable-stringify-2.1.0.tgz"
    integrity sha512-lhd/wF+Lk98HZoTCtlVraHtfh5XYijIjalXck7saUtuanSDyLMxnHhSXEDJqHxD7msR8D0uCmqlkwjCV8xvwHw==
  
  fast-levenshtein@^2.0.6:
    version "2.0.6"
    resolved "https://registry.npmjs.org/fast-levenshtein/-/fast-levenshtein-2.0.6.tgz"
    integrity sha512-DCXu6Ifhqcks7TZKY3Hxp3y6qphY5SJZmrWMDrKcERSOXWQdMhU9Ig/PYrzyw/ul9jOIyh0N4M0tbC5hodg8dw==
  
  fast-uri@^3.0.1:
    version "3.0.6"
    resolved "https://registry.npmjs.org/fast-uri/-/fast-uri-3.0.6.tgz"
    integrity sha512-Atfo14OibSv5wAp4VWNsFYE1AchQRTv9cBGWET4pZWHzYshFSS9NQI6I57rdKn9croWVMbYFbLhJ+yJvmZIIHw==
  
  fastq@^1.6.0:
    version "1.19.1"
    resolved "https://registry.npmjs.org/fastq/-/fastq-1.19.1.tgz"
    integrity sha512-GwLTyxkCXjXbxqIhTsMI2Nui8huMPtnxg7krajPJAjnEG/iiOS7i+zCtWGZR9G0NBKbXKh6X9m9UIsYX/N6vvQ==
    dependencies:
      reusify "^1.0.4"
  
  file-entry-cache@^6.0.1:
    version "6.0.1"
    resolved "https://registry.npmjs.org/file-entry-cache/-/file-entry-cache-6.0.1.tgz"
    integrity sha512-7Gps/XWymbLk2QLYK4NzpMOrYjMhdIxXuIvy2QBsLE6ljuodKvdkWs/cpyJJ3CVIVpH0Oi1Hvg1ovbMzLdFBBg==
    dependencies:
      flat-cache "^3.0.4"
  
  file-loader@*, file-loader@6.2.0:
    version "6.2.0"
    resolved "https://registry.npmjs.org/file-loader/-/file-loader-6.2.0.tgz"
    integrity sha512-qo3glqyTa61Ytg4u73GultjHGjdRyig3tG6lPtyX/jOEJvHif9uB0/OCI2Kif6ctF3caQTW2G5gym21oAsI4pw==
    dependencies:
      loader-utils "^2.0.0"
      schema-utils "^3.0.0"
  
  fill-range@^7.1.1:
    version "7.1.1"
    resolved "https://registry.npmjs.org/fill-range/-/fill-range-7.1.1.tgz"
    integrity sha512-YsGpe3WHLK8ZYi4tWDg2Jy3ebRz2rXowDxnld4bkQB00cc/1Zw9AWnC0i9ztDJitivtQvaI9KaLyKrc+hBW0yg==
    dependencies:
      to-regex-range "^5.0.1"
  
  find-cache-dir@^4.0.0:
    version "4.0.0"
    resolved "https://registry.npmjs.org/find-cache-dir/-/find-cache-dir-4.0.0.tgz"
    integrity sha512-9ZonPT4ZAK4a+1pUPVPZJapbi7O5qbbJPdYw/NOQWZZbVLdDTYM3A4R9z/DpAM08IDaFGsvPgiGZ82WEwUDWjg==
    dependencies:
      common-path-prefix "^3.0.0"
      pkg-dir "^7.0.0"
  
  find-up@^5.0.0:
    version "5.0.0"
    resolved "https://registry.npmjs.org/find-up/-/find-up-5.0.0.tgz"
    integrity sha512-78/PXT1wlLLDgTzDs7sjq9hzz0vXD+zn+7wypEe4fXQxCmdmqfGsEPQxmiCSQI3ajFV91bVSsvNtrJRiW6nGng==
    dependencies:
      locate-path "^6.0.0"
      path-exists "^4.0.0"
  
  find-up@^6.3.0:
    version "6.3.0"
    resolved "https://registry.npmjs.org/find-up/-/find-up-6.3.0.tgz"
    integrity sha512-v2ZsoEuVHYy8ZIlYqwPe/39Cy+cFDzp4dXPaxNvkEuouymu+2Jbz0PxpKarJHYJTmv2HWT3O382qY8l4jMWthw==
    dependencies:
      locate-path "^7.1.0"
      path-exists "^5.0.0"
  
  flat-cache@^3.0.4:
    version "3.2.0"
    resolved "https://registry.npmjs.org/flat-cache/-/flat-cache-3.2.0.tgz"
    integrity sha512-CYcENa+FtcUKLmhhqyctpclsq7QF38pKjZHsGNiSQF5r4FtoKDWabFDl3hzaEQMvT1LHEysw5twgLvpYYb4vbw==
    dependencies:
      flatted "^3.2.9"
      keyv "^4.5.3"
      rimraf "^3.0.2"
  
  flatted@^3.2.9:
    version "3.3.3"
    resolved "https://registry.npmjs.org/flatted/-/flatted-3.3.3.tgz"
    integrity sha512-GX+ysw4PBCz0PzosHDepZGANEuFCMLrnRTiEy9McGjmkCQYwRq4A/X786G/fjM/+OjsWSU1ZrY5qyARZmO/uwg==
  
  follow-redirects@^1.0.0:
    version "1.15.9"
    resolved "https://registry.npmjs.org/follow-redirects/-/follow-redirects-1.15.9.tgz"
    integrity sha512-gew4GsXizNgdoRyqmyfMHyAmXsZDk6mHkSxZFCzW9gwlbtOW44CDtYavM+y+72qD/Vq2l550kMF52DT8fOLJqQ==
  
  fs.realpath@^1.0.0:
    version "1.0.0"
    resolved "https://registry.npmjs.org/fs.realpath/-/fs.realpath-1.0.0.tgz"
    integrity sha512-OO0pH2lK6a0hZnAdau5ItzHPI6pUlvI7jMVnxUQRtw4owF2wk8lOSabtGDCTP4Ggrg2MbGnWO9X8K1t4+fGMDw==
  
  fsevents@~2.3.2:
    version "2.3.3"
    resolved "https://registry.npmjs.org/fsevents/-/fsevents-2.3.3.tgz"
    integrity sha512-5xoDfX+fL7faATnagmWPpbFtwh/R77WmMMqqHGS65C3vvB0YHrgF+B1YmZ3441tMj5n63k0212XNoJwzlhffQw==
  
  function-bind@^1.1.2:
    version "1.1.2"
    resolved "https://registry.npmjs.org/function-bind/-/function-bind-1.1.2.tgz"
    integrity sha512-7XHNxH7qX9xG5mIwxkhumTox/MIRNcOgDrxWsMt2pAr23WHp6MrRlN7FBSFpCpr+oVO0F744iUgR82nJMfG2SA==
  
  gensync@^1.0.0-beta.2:
    version "1.0.0-beta.2"
    resolved "https://registry.npmjs.org/gensync/-/gensync-1.0.0-beta.2.tgz"
    integrity sha512-3hN7NaskYvMDLQY55gnW3NQ+mesEAepTqlg+VEbj7zzqEMBVNhzcGYYeqFo/TlYz6eQiFcp1HcsCZO+nGgS8zg==
  
  get-intrinsic@^1.2.5, get-intrinsic@^1.3.0:
    version "1.3.0"
    resolved "https://registry.npmjs.org/get-intrinsic/-/get-intrinsic-1.3.0.tgz"
    integrity sha512-9fSjSaos/fRIVIp+xSJlE6lfwhES7LNtKaCBIamHsjr2na1BiABJPo0mOjjz8GJDURarmCPGqaiVg5mfjb98CQ==
    dependencies:
      call-bind-apply-helpers "^1.0.2"
      es-define-property "^1.0.1"
      es-errors "^1.3.0"
      es-object-atoms "^1.1.1"
      function-bind "^1.1.2"
      get-proto "^1.0.1"
      gopd "^1.2.0"
      has-symbols "^1.1.0"
      hasown "^2.0.2"
      math-intrinsics "^1.1.0"
  
  get-proto@^1.0.1:
    version "1.0.1"
    resolved "https://registry.npmjs.org/get-proto/-/get-proto-1.0.1.tgz"
    integrity sha512-sTSfBjoXBp89JvIKIefqw7U2CCebsc74kiY6awiGogKtoSGbgjYE/G/+l9sF3MWFPNc9IcoOC4ODfKHfxFmp0g==
    dependencies:
      dunder-proto "^1.0.1"
      es-object-atoms "^1.0.0"
  
  glob-parent@^5.1.2, glob-parent@~5.1.2:
    version "5.1.2"
    resolved "https://registry.npmjs.org/glob-parent/-/glob-parent-5.1.2.tgz"
    integrity sha512-AOIgSQCepiJYwP3ARnGx+5VnTu2HBYdzbGP45eLw1vr3zB3vZLeyed1sC9hnbcOc9/SrMyM5RPQrkGz4aS9Zow==
    dependencies:
      is-glob "^4.0.1"
  
  glob-parent@^6.0.2:
    version "6.0.2"
    resolved "https://registry.npmjs.org/glob-parent/-/glob-parent-6.0.2.tgz"
    integrity sha512-XxwI8EOhVQgWp6iDL+3b0r86f4d6AX6zSU55HfB4ydCEuXLXc5FcYeOu+nnGftS4TEju/11rt4KJPTMgbfmv4A==
    dependencies:
      is-glob "^4.0.3"
  
  glob-to-regexp@^0.4.1:
    version "0.4.1"
    resolved "https://registry.npmjs.org/glob-to-regexp/-/glob-to-regexp-0.4.1.tgz"
    integrity sha512-lkX1HJXwyMcprw/5YUZc2s7DrpAiHB21/V+E1rHUrVNokkvB6bqMzT0VfV6/86ZNabt1k14YOIaT7nDvOX3Iiw==
  
  glob@^7.1.3:
    version "7.2.3"
    resolved "https://registry.npmjs.org/glob/-/glob-7.2.3.tgz"
    integrity sha512-nFR0zLpU2YCaRxwoCJvL6UvCH2JFyFVIvwTLsIf21AuHlMskA1hhTdk+LlYJtOlYt9v6dvszD2BGRqBL+iQK9Q==
    dependencies:
      fs.realpath "^1.0.0"
      inflight "^1.0.4"
      inherits "2"
      minimatch "^3.1.1"
      once "^1.3.0"
      path-is-absolute "^1.0.0"
  
  globals@^11.1.0:
    version "11.12.0"
    resolved "https://registry.npmjs.org/globals/-/globals-11.12.0.tgz"
    integrity sha512-WOBp/EEGUiIsJSp7wcv/y6MO+lV9UoncWqxuFfm8eBwzWNgyfBd6Gz+IeKQ9jCmyhoH99g15M3T+QaVHFjizVA==
  
  globals@^13.19.0:
    version "13.24.0"
    resolved "https://registry.npmjs.org/globals/-/globals-13.24.0.tgz"
    integrity sha512-AhO5QUcj8llrbG09iWhPU2B204J1xnPeL8kQmVorSsy+Sjj1sk8gIyh6cUocGmH4L0UuhAJy+hJMRA4mgA4mFQ==
    dependencies:
      type-fest "^0.20.2"
  
  globby@^11.1.0:
    version "11.1.0"
    resolved "https://registry.npmjs.org/globby/-/globby-11.1.0.tgz"
    integrity sha512-jhIXaOzy1sb8IyocaruWSn1TjmnBVs8Ayhcy83rmxNJ8q2uWKCAj3CnJY+KpGSXCueAPc0i05kVvVKtP1t9S3g==
    dependencies:
      array-union "^2.1.0"
      dir-glob "^3.0.1"
      fast-glob "^3.2.9"
      ignore "^5.2.0"
      merge2 "^1.4.1"
      slash "^3.0.0"
  
  gopd@^1.2.0:
    version "1.2.0"
    resolved "https://registry.npmjs.org/gopd/-/gopd-1.2.0.tgz"
    integrity sha512-ZUKRh6/kUFoAiTAtTYPZJ3hw9wNxx+BIBOijnlG9PnrJsCcSjs1wyyD6vJpaYtgnzDrKYRSqf3OO6Rfa93xsRg==
  
  graceful-fs@^4.1.2, graceful-fs@^4.2.11, graceful-fs@^4.2.4:
    version "4.2.11"
    resolved "https://registry.npmjs.org/graceful-fs/-/graceful-fs-4.2.11.tgz"
    integrity sha512-RbJ5/jmFcNNCcDV5o9eTnBLJ/HszWV0P73bc+Ff4nS/rJj+YaS6IGyiOL0VoBYX+l1Wrl3k63h/KrH+nhJ0XvQ==
  
  graphemer@^1.4.0:
    version "1.4.0"
    resolved "https://registry.npmjs.org/graphemer/-/graphemer-1.4.0.tgz"
    integrity sha512-EtKwoO6kxCL9WO5xipiHTZlSzBm7WLT627TqC/uVRd0HKmq8NXyebnNYxDoBi7wt8eTWrUrKXCOVaFq9x1kgag==
  
  has-ansi@^2.0.0:
    version "2.0.0"
    resolved "https://registry.npmjs.org/has-ansi/-/has-ansi-2.0.0.tgz"
    integrity sha512-C8vBJ8DwUCx19vhm7urhTuUsr4/IyP6l4VzNQDv+ryHQObW3TTTp9yB68WpYgRe2bbaGuZ/se74IqFeVnMnLZg==
    dependencies:
      ansi-regex "^2.0.0"
  
  has-flag@^3.0.0:
    version "3.0.0"
    resolved "https://registry.npmjs.org/has-flag/-/has-flag-3.0.0.tgz"
    integrity sha512-sKJf1+ceQBr4SMkvQnBDNDtf4TXpVhVGateu0t918bl30FnbE2m4vNLX+VWe/dpjlb+HugGYzW7uQXH98HPEYw==
  
  has-flag@^4.0.0:
    version "4.0.0"
    resolved "https://registry.npmjs.org/has-flag/-/has-flag-4.0.0.tgz"
    integrity sha512-EykJT/Q1KjTWctppgIAgfSO0tKVuZUjhgMr17kqTumMl6Afv3EISleU7qZUzoXDFTAHTDC4NOoG/ZxU3EvlMPQ==
  
  has-symbols@^1.1.0:
    version "1.1.0"
    resolved "https://registry.npmjs.org/has-symbols/-/has-symbols-1.1.0.tgz"
    integrity sha512-1cDNdwJ2Jaohmb3sg4OmKaMBwuC48sYni5HUw2DvsC8LjGTLK9h+eb1X6RyuOHe4hT0ULCW68iomhjUoKUqlPQ==
  
  hasown@^2.0.2:
    version "2.0.2"
    resolved "https://registry.npmjs.org/hasown/-/hasown-2.0.2.tgz"
    integrity sha512-0hJU9SCPvmMzIBdZFqNPXWa6dqh7WdH0cII9y+CyS8rG3nL48Bclra9HmKhVVUHyPWNH5Y7xDwAB7bfgSjkUMQ==
    dependencies:
      function-bind "^1.1.2"
  
  he@^1.2.0:
    version "1.2.0"
    resolved "https://registry.npmjs.org/he/-/he-1.2.0.tgz"
    integrity sha512-F/1DnUGPopORZi0ni+CvrCgHQ5FyEAHRLSApuYWMmrbSwoN2Mn/7k+Gl38gJnR7yyDZk6WLXwiGod1JOWNDKGw==
  
  html-encoding-sniffer@^3.0.0:
    version "3.0.0"
    resolved "https://registry.npmjs.org/html-encoding-sniffer/-/html-encoding-sniffer-3.0.0.tgz"
    integrity sha512-oWv4T4yJ52iKrufjnyZPkrN0CH3QnrUqdB6In1g5Fe1mia8GmF36gnfNySxoZtxD5+NmYw1EElVXiBk93UeskA==
    dependencies:
      whatwg-encoding "^2.0.0"
  
  http-proxy@^1.18.1:
    version "1.18.1"
    resolved "https://registry.npmjs.org/http-proxy/-/http-proxy-1.18.1.tgz"
    integrity sha512-7mz/721AbnJwIVbnaSv1Cz3Am0ZLT/UBwkC92VlxhXv/k/BBQfM2fXElQNC27BVGr0uwUpplYPQM9LnaBMR5NQ==
    dependencies:
      eventemitter3 "^4.0.0"
      follow-redirects "^1.0.0"
      requires-port "^1.0.0"
  
  http-server@14.1.1:
    version "14.1.1"
    resolved "https://registry.npmjs.org/http-server/-/http-server-14.1.1.tgz"
    integrity sha512-+cbxadF40UXd9T01zUHgA+rlo2Bg1Srer4+B4NwIHdaGxAGGv59nYRnGGDJ9LBk7alpS0US+J+bLLdQOOkJq4A==
    dependencies:
      basic-auth "^2.0.1"
      chalk "^4.1.2"
      corser "^2.0.1"
      he "^1.2.0"
      html-encoding-sniffer "^3.0.0"
      http-proxy "^1.18.1"
      mime "^1.6.0"
      minimist "^1.2.6"
      opener "^1.5.1"
      portfinder "^1.0.28"
      secure-compare "3.0.1"
      union "~0.5.0"
      url-join "^4.0.1"
  
  iconv-lite@0.6.3:
    version "0.6.3"
    resolved "https://registry.npmjs.org/iconv-lite/-/iconv-lite-0.6.3.tgz"
    integrity sha512-4fCk79wshMdzMp2rH06qWrJE4iolqLhCUH+OiuIgU++RB0+94NlDL81atO7GX55uUKueo0txHNtvEyI6D7WdMw==
    dependencies:
      safer-buffer ">= 2.1.2 < 3.0.0"
  
  ignore-by-default@^1.0.1:
    version "1.0.1"
    resolved "https://registry.npmjs.org/ignore-by-default/-/ignore-by-default-1.0.1.tgz"
    integrity sha512-Ius2VYcGNk7T90CppJqcIkS5ooHUZyIQK+ClZfMfMNFEF9VSE73Fq+906u/CWu92x4gzZMWOwfFYckPObzdEbA==
  
  ignore@^5.2.0:
    version "5.3.2"
    resolved "https://registry.npmjs.org/ignore/-/ignore-5.3.2.tgz"
    integrity sha512-hsBTNUqQTDwkWtcdYI2i06Y/nUBEsNEDJKjWdigLvegy8kDuJAS8uRlpkkcQpyEXL0Z/pjDy5HBmMjRCJ2gq+g==
  
  import-fresh@^3.2.1:
    version "3.3.1"
    resolved "https://registry.npmjs.org/import-fresh/-/import-fresh-3.3.1.tgz"
    integrity sha512-TR3KfrTZTYLPB6jUjfx6MF9WcWrHL9su5TObK4ZkYgBdWKPOFoSoQIdEuTuR82pmtxH2spWG9h6etwfr1pLBqQ==
    dependencies:
      parent-module "^1.0.0"
      resolve-from "^4.0.0"
  
  imurmurhash@^0.1.4:
    version "0.1.4"
    resolved "https://registry.npmjs.org/imurmurhash/-/imurmurhash-0.1.4.tgz"
    integrity sha512-JmXMZ6wuvDmLiHEml9ykzqO6lwFbof0GG4IkcGaENdCRDDmMVnny7s5HsIgHCbaq0w2MyPhDqkhTUgS2LU2PHA==
  
  indent-string@^4.0.0:
    version "4.0.0"
    resolved "https://registry.npmjs.org/indent-string/-/indent-string-4.0.0.tgz"
    integrity sha512-EdDDZu4A2OyIK7Lr/2zG+w5jmbuk1DVBnEwREQvBzspBJkCEbRa8GxU1lghYcaGJCnRWibjDXlq779X1/y5xwg==
  
  inflight@^1.0.4:
    version "1.0.6"
    resolved "https://registry.npmjs.org/inflight/-/inflight-1.0.6.tgz"
    integrity sha512-k92I/b08q4wvFscXCLvqfsHCrjrF7yiXsQuIVvVE7N82W3+aqpzuUdBbfhWcy/FZR3/4IgflMgKLOsvPDrGCJA==
    dependencies:
      once "^1.3.0"
      wrappy "1"
  
  inherits@^2.0.3, inherits@2:
    version "2.0.4"
    resolved "https://registry.npmjs.org/inherits/-/inherits-2.0.4.tgz"
    integrity sha512-k/vGaX4/Yla3WzyMCvTQOXYeIHvqOKtnqBduzTHpzpQZzAskKMhZ2K+EnBiSM9zGSoIFeMpXKxa4dYeZIQqewQ==
  
  is-binary-path@~2.1.0:
    version "2.1.0"
    resolved "https://registry.npmjs.org/is-binary-path/-/is-binary-path-2.1.0.tgz"
    integrity sha512-ZMERYes6pDydyuGidse7OsHxtbI7WVeUEozgR/g7rd0xUimYNlvZRE/K2MgZTjWy725IfelLeVcEM97mmtRGXw==
    dependencies:
      binary-extensions "^2.0.0"
  
  is-core-module@^2.16.0:
    version "2.16.1"
    resolved "https://registry.npmjs.org/is-core-module/-/is-core-module-2.16.1.tgz"
    integrity sha512-UfoeMA6fIJ8wTYFEUjelnaGI67v6+N7qXJEvQuIGa99l4xsCruSYOVSQ0uPANn4dAzm8lkYPaKLrrijLq7x23w==
    dependencies:
      hasown "^2.0.2"
  
  is-extglob@^2.1.1:
    version "2.1.1"
    resolved "https://registry.npmjs.org/is-extglob/-/is-extglob-2.1.1.tgz"
    integrity sha512-SbKbANkN603Vi4jEZv49LeVJMn4yGwsbzZworEoyEiutsN3nJYdbO36zfhGJ6QEDpOZIFkDtnq5JRxmvl3jsoQ==
  
  is-glob@^4.0.0, is-glob@^4.0.1, is-glob@^4.0.3, is-glob@~4.0.1:
    version "4.0.3"
    resolved "https://registry.npmjs.org/is-glob/-/is-glob-4.0.3.tgz"
    integrity sha512-xelSayHH36ZgE7ZWhli7pW34hNbNl8Ojv5KVmkJD4hBdD3th8Tfk9vYasLM+mXWOZhFkgZfxhLSnrwRr4elSSg==
    dependencies:
      is-extglob "^2.1.1"
  
  is-number@^7.0.0:
    version "7.0.0"
    resolved "https://registry.npmjs.org/is-number/-/is-number-7.0.0.tgz"
    integrity sha512-41Cifkg6e8TylSpdtTpeLVMqvSBEVzTttHvERD741+pnZ8ANv0004MRL43QKPDlK9cGvNp6NZWZUBlbGXYxxng==
  
  is-path-inside@^3.0.3:
    version "3.0.3"
    resolved "https://registry.npmjs.org/is-path-inside/-/is-path-inside-3.0.3.tgz"
    integrity sha512-Fd4gABb+ycGAmKou8eMftCupSir5lRxqf4aD/vd0cD2qc4HL07OjCeuHMr8Ro4CoMaeCKDB0/ECBOVWjTwUvPQ==
  
  isexe@^2.0.0:
    version "2.0.0"
    resolved "https://registry.npmjs.org/isexe/-/isexe-2.0.0.tgz"
    integrity sha512-RHxMLp9lnKHGHRng9QFhRCMbYAcVpn69smSGcq3f36xjgVVWThj4qqLbTLlq7Ssj8B+fIQ1EuCEGI2lKsyQeIw==
  
  jest-worker@^27.4.5:
    version "27.5.1"
    resolved "https://registry.npmjs.org/jest-worker/-/jest-worker-27.5.1.tgz"
    integrity sha512-7vuh85V5cdDofPyxn58nrPjBktZo0u9x1g8WtjQol+jZDaE+fhN+cIvTj11GndBnMnyfrUOG1sZQxCdjKh+DKg==
    dependencies:
      "@types/node" "*"
      merge-stream "^2.0.0"
      supports-color "^8.0.0"
  
  js-tokens@^4.0.0:
    version "4.0.0"
    resolved "https://registry.npmjs.org/js-tokens/-/js-tokens-4.0.0.tgz"
    integrity sha512-RdJUflcE3cUzKiMqQgsCu06FPu9UdIJO0beYbPhHN4k6apgJtifcoCtT9bcxOpYBtpD2kCM6Sbzg4CausW/PKQ==
  
  js-yaml@^4.1.0:
    version "4.1.0"
    resolved "https://registry.npmjs.org/js-yaml/-/js-yaml-4.1.0.tgz"
    integrity sha512-wpxZs9NoxZaJESJGIZTyDEaYpl0FKSA+FB9aJiyemKhMwkxQg63h4T1KJgUGHpTqPDNRcmmYLugrRjJlBtWvRA==
    dependencies:
      argparse "^2.0.1"
  
  jsesc@^3.0.2:
    version "3.1.0"
    resolved "https://registry.npmjs.org/jsesc/-/jsesc-3.1.0.tgz"
    integrity sha512-/sM3dO2FOzXjKQhJuo0Q173wf2KOo8t4I8vHy6lF9poUp7bKT0/NHE8fPX23PwfhnykfqnC2xRxOnVw5XuGIaA==
  
  jsesc@~3.0.2:
    version "3.0.2"
    resolved "https://registry.npmjs.org/jsesc/-/jsesc-3.0.2.tgz"
    integrity sha512-xKqzzWXDttJuOcawBt4KnKHHIf5oQ/Cxax+0PWFG+DFDgHNAdi+TXECADI+RYiFUMmx8792xsMbbgXj4CwnP4g==
  
  json-buffer@3.0.1:
    version "3.0.1"
    resolved "https://registry.npmjs.org/json-buffer/-/json-buffer-3.0.1.tgz"
    integrity sha512-4bV5BfR2mqfQTJm+V5tPPdf+ZpuhiIvTuAB5g8kcrXOZpTT/QwwVRWBywX1ozr6lEuPdbHxwaJlm9G6mI2sfSQ==
  
  json-parse-even-better-errors@^2.3.1:
    version "2.3.1"
    resolved "https://registry.npmjs.org/json-parse-even-better-errors/-/json-parse-even-better-errors-2.3.1.tgz"
    integrity sha512-xyFwyhro/JEof6Ghe2iz2NcXoj2sloNsWr/XsERDK/oiPCfaNhl5ONfp+jQdAZRQQ0IJWNzH9zIZF7li91kh2w==
  
  json-schema-traverse@^0.4.1:
    version "0.4.1"
    resolved "https://registry.npmjs.org/json-schema-traverse/-/json-schema-traverse-0.4.1.tgz"
    integrity sha512-xbbCH5dCYU5T8LcEhhuh7HJ88HXuW3qsI3Y0zOZFKfZEHcpWiHU/Jxzk629Brsab/mMiHQti9wMP+845RPe3Vg==
  
  json-schema-traverse@^1.0.0:
    version "1.0.0"
    resolved "https://registry.npmjs.org/json-schema-traverse/-/json-schema-traverse-1.0.0.tgz"
    integrity sha512-NM8/P9n3XjXhIZn1lLhkFaACTOURQXjWhV4BA/RnOv8xvgqtqpAX9IO4mRQxSx1Rlo4tqzeqb0sOlruaOy3dug==
  
  json-stable-stringify-without-jsonify@^1.0.1:
    version "1.0.1"
    resolved "https://registry.npmjs.org/json-stable-stringify-without-jsonify/-/json-stable-stringify-without-jsonify-1.0.1.tgz"
    integrity sha512-Bdboy+l7tA3OGW6FjyFHWkP5LuByj1Tk33Ljyq0axyzdk9//JSi2u3fP1QSmd1KNwq6VOKYGlAu87CisVir6Pw==
  
  json5@^2.1.2, json5@^2.2.2:
    version "2.2.3"
    resolved "https://registry.npmjs.org/json5/-/json5-2.2.3.tgz"
    integrity sha512-XmOWe7eyHYH14cLdVPoyg+GOH3rYX++KpzrylJwSW98t3Nk+U8XOl8FWKOgwtzdb8lXGf6zYwDUzeHMWfxasyg==
  
  keyv@^4.5.3:
    version "4.5.4"
    resolved "https://registry.npmjs.org/keyv/-/keyv-4.5.4.tgz"
    integrity sha512-oxVHkHR/EJf2CNXnWxRLW6mg7JyCCUcG0DtEGmL2ctUo1PNTin1PUil+r/+4r5MpVgC/fn1kjsx7mjSujKqIpw==
    dependencies:
      json-buffer "3.0.1"
  
  levn@^0.4.1:
    version "0.4.1"
    resolved "https://registry.npmjs.org/levn/-/levn-0.4.1.tgz"
    integrity sha512-+bT2uH4E5LGE7h/n3evcS/sQlJXCpIp6ym8OWJ5eV6+67Dsql/LaaT7qJBAt2rzfoa/5QBGBhxDix1dMt2kQKQ==
    dependencies:
      prelude-ls "^1.2.1"
      type-check "~0.4.0"
  
  loader-runner@^4.2.0:
    version "4.3.0"
    resolved "https://registry.npmjs.org/loader-runner/-/loader-runner-4.3.0.tgz"
    integrity sha512-3R/1M+yS3j5ou80Me59j7F9IMs4PXs3VqRrm0TU3AbKPxlmpoY1TNscJV/oGJXo8qCatFGTfDbY6W6ipGOYXfg==
  
  loader-utils@^2.0.0:
    version "2.0.4"
    resolved "https://registry.npmjs.org/loader-utils/-/loader-utils-2.0.4.tgz"
    integrity sha512-xXqpXoINfFhgua9xiqD8fPFHgkoq1mmmpE92WlDbm9rNRd/EbRb+Gqf908T2DMfuHjjJlksiK2RbHVOdD/MqSw==
    dependencies:
      big.js "^5.2.2"
      emojis-list "^3.0.0"
      json5 "^2.1.2"
  
  locate-path@^6.0.0:
    version "6.0.0"
    resolved "https://registry.npmjs.org/locate-path/-/locate-path-6.0.0.tgz"
    integrity sha512-iPZK6eYjbxRu3uB4/WZ3EsEIMJFMqAoopl3R+zuq0UjcAm/MO6KCweDgPfP3elTztoKP3KtnVHxTn2NHBSDVUw==
    dependencies:
      p-locate "^5.0.0"
  
  locate-path@^7.1.0:
    version "7.2.0"
    resolved "https://registry.npmjs.org/locate-path/-/locate-path-7.2.0.tgz"
    integrity sha512-gvVijfZvn7R+2qyPX8mAuKcFGDf6Nc61GdvGafQsHL0sBIxfKzA+usWn4GFC/bk+QdwPUD4kWFJLhElipq+0VA==
    dependencies:
      p-locate "^6.0.0"
  
  lodash.debounce@^4.0.8:
    version "4.0.8"
    resolved "https://registry.npmjs.org/lodash.debounce/-/lodash.debounce-4.0.8.tgz"
    integrity sha512-FT1yDzDYEoYWhnSGnpE/4Kj1fLZkDFyqRb7fNt6FdYOSxlUWAtp42Eh6Wb0rGIv/m9Bgo7x4GhQbm5Ys4SG5ow==
  
  lodash.merge@^4.6.0, lodash.merge@^4.6.2:
    version "4.6.2"
    resolved "https://registry.npmjs.org/lodash.merge/-/lodash.merge-4.6.2.tgz"
    integrity sha512-0KpjqXRVvrYyCsX1swR/XTK0va6VQkQM6MNo7PqW77ByjAhoARA8EfrP1N4+KlKj8YS0ZUCtRT/YUuhyYDujIQ==
  
  lodash@^4.17.21:
    version "4.17.21"
    resolved "https://registry.npmjs.org/lodash/-/lodash-4.17.21.tgz"
    integrity sha512-v2kDEe57lecTulaDIuNTPy3Ry4gLGJ6Z1O3vE1krgXZNrsQ+LFTGHVxVjcXPs17LhbZVGedAJv8XZ1tvj5FvSg==
  
  loglevel-colored-level-prefix@^1.0.0:
    version "1.0.0"
    resolved "https://registry.npmjs.org/loglevel-colored-level-prefix/-/loglevel-colored-level-prefix-1.0.0.tgz"
    integrity sha512-u45Wcxxc+SdAlh4yeF/uKlC1SPUPCy0gullSNKXod5I4bmifzk+Q4lSLExNEVn19tGaJipbZ4V4jbFn79/6mVA==
    dependencies:
      chalk "^1.1.3"
      loglevel "^1.4.1"
  
  loglevel@^1.4.1:
    version "1.9.2"
    resolved "https://registry.npmjs.org/loglevel/-/loglevel-1.9.2.tgz"
    integrity sha512-HgMmCqIJSAKqo68l0rS2AanEWfkxaZ5wNiEFb5ggm08lDs9Xl2KxBlX3PTcaD2chBM1gXAYf491/M2Rv8Jwayg==
  
  lru-cache@^5.1.1:
    version "5.1.1"
    resolved "https://registry.npmjs.org/lru-cache/-/lru-cache-5.1.1.tgz"
    integrity sha512-KpNARQA3Iwv+jTA0utUVVbrh+Jlrr1Fv0e56GGzAFOXN7dk/FviaDW8LHmK52DlcH4WP2n6gI8vN1aesBFgo9w==
    dependencies:
      yallist "^3.0.2"
  
  math-intrinsics@^1.1.0:
    version "1.1.0"
    resolved "https://registry.npmjs.org/math-intrinsics/-/math-intrinsics-1.1.0.tgz"
    integrity sha512-/IXtbwEk5HTPyEwyKX6hGkYXxM9nbj64B+ilVJnC/R6B0pH5G4V3b0pVbL7DBj4tkhBAppbQUlf6F6Xl9LHu1g==
  
  merge-stream@^2.0.0:
    version "2.0.0"
    resolved "https://registry.npmjs.org/merge-stream/-/merge-stream-2.0.0.tgz"
    integrity sha512-abv/qOcuPfk3URPfDzmZU1LKmuw8kT+0nIHvKrKgFrwifol/doWcdA4ZqsWQ8ENrFKkd67Mfpo/LovbIUsbt3w==
  
  merge2@^1.3.0, merge2@^1.4.1:
    version "1.4.1"
    resolved "https://registry.npmjs.org/merge2/-/merge2-1.4.1.tgz"
    integrity sha512-8q7VEgMJW4J8tcfVPy8g09NcQwZdbwFEqhe/WZkoIzjn/3TGDwtOCYtXGxA3O8tPzpczCCDgv+P2P5y00ZJOOg==
  
  micromatch@^4.0.8:
    version "4.0.8"
    resolved "https://registry.npmjs.org/micromatch/-/micromatch-4.0.8.tgz"
    integrity sha512-PXwfBhYu0hBCPw8Dn0E+WDYb7af3dSLVWKi3HGv84IdF4TyFoC0ysxFd0Goxw7nSv4T/PzEJQxsYsEiFCKo2BA==
    dependencies:
      braces "^3.0.3"
      picomatch "^2.3.1"
  
  mime-db@1.52.0:
    version "1.52.0"
    resolved "https://registry.npmjs.org/mime-db/-/mime-db-1.52.0.tgz"
    integrity sha512-sPU4uV7dYlvtWJxwwxHD0PuihVNiE7TyAbQ5SWxDCB9mUYvOgroQOwYQQOKPJ8CIbE+1ETVlOoK1UC2nU3gYvg==
  
  mime-types@^2.1.27:
    version "2.1.35"
    resolved "https://registry.npmjs.org/mime-types/-/mime-types-2.1.35.tgz"
    integrity sha512-ZDY+bPm5zTTF+YpCrAU9nK0UgICYPT0QtT1NZWFv4s++TNkcgVaT0g6+4R2uI4MjQjzysHB1zxuWL50hzaeXiw==
    dependencies:
      mime-db "1.52.0"
  
  mime@^1.6.0:
    version "1.6.0"
    resolved "https://registry.npmjs.org/mime/-/mime-1.6.0.tgz"
    integrity sha512-x0Vn8spI+wuJ1O6S7gnbaQg8Pxh4NNHb7KSINmEWKiPE4RKOplvijn+NkmYmmRgP68mc70j2EbeTFRsrswaQeg==
  
  minimatch@^3.0.5, minimatch@^3.1.1, minimatch@^3.1.2:
    version "3.1.2"
    resolved "https://registry.npmjs.org/minimatch/-/minimatch-3.1.2.tgz"
    integrity sha512-J7p63hRiAjw1NDEww1W7i37+ByIrOWO5XQQAzZ3VOcL0PNybwpfmV/N05zFAzwQ9USyEcX6t3UO+K5aqBQOIHw==
    dependencies:
      brace-expansion "^1.1.7"
  
  minimist@^1.2.6:
    version "1.2.8"
    resolved "https://registry.npmjs.org/minimist/-/minimist-1.2.8.tgz"
    integrity sha512-2yyAR8qBkN3YuheJanUpWC5U3bb5osDywNB8RzDVlDwDHbocAJveqqj1u8+SVD7jkWT4yvsHCpWqqWqAxb0zCA==
  
  ms@^2.1.1, ms@^2.1.3:
    version "2.1.3"
    resolved "https://registry.npmjs.org/ms/-/ms-2.1.3.tgz"
    integrity sha512-6FlzubTLZG3J2a/NVCAleEhjzq5oxgHyaCU9yYXvcLsvoVaHJq/s5xXI6/XXP6tz7R9xAOtHnSO/tXtF3WRTlA==
  
  natural-compare@^1.4.0:
    version "1.4.0"
    resolved "https://registry.npmjs.org/natural-compare/-/natural-compare-1.4.0.tgz"
    integrity sha512-OWND8ei3VtNC9h7V60qff3SVobHr996CTwgxubgyQYEpg290h9J0buyECNNJexkFm5sOajh5G116RYA1c8ZMSw==
  
  neo-async@^2.6.2:
    version "2.6.2"
    resolved "https://registry.npmjs.org/neo-async/-/neo-async-2.6.2.tgz"
    integrity sha512-Yd3UES5mWCSqR+qNT93S3UoYUkqAZ9lLg8a7g9rimsWmYGK8cVToA4/sF3RrshdyV3sAGMXVUmpMYOw+dLpOuw==
  
  node-releases@^2.0.19:
    version "2.0.19"
    resolved "https://registry.npmjs.org/node-releases/-/node-releases-2.0.19.tgz"
    integrity sha512-xxOWJsBKtzAq7DY0J+DTzuz58K8e7sJbdgwkbMWQe8UYB6ekmsQ45q0M/tJDsGaZmbC+l7n57UV8Hl5tHxO9uw==
  
  nodemon@^2.0.7:
    version "2.0.22"
    resolved "https://registry.npmjs.org/nodemon/-/nodemon-2.0.22.tgz"
    integrity sha512-B8YqaKMmyuCO7BowF1Z1/mkPqLk6cs/l63Ojtd6otKjMx47Dq1utxfRxcavH1I7VSaL8n5BUaoutadnsX3AAVQ==
    dependencies:
      chokidar "^3.5.2"
      debug "^3.2.7"
      ignore-by-default "^1.0.1"
      minimatch "^3.1.2"
      pstree.remy "^1.1.8"
      semver "^5.7.1"
      simple-update-notifier "^1.0.7"
      supports-color "^5.5.0"
      touch "^3.1.0"
      undefsafe "^2.0.5"
  
  normalize-path@^3.0.0, normalize-path@~3.0.0:
    version "3.0.0"
    resolved "https://registry.npmjs.org/normalize-path/-/normalize-path-3.0.0.tgz"
    integrity sha512-6eZs5Ls3WtCisHWp9S2GUy8dqkpGi4BVSz3GaqiE6ezub0512ESztXUwUB6C6IKbQkY2Pnb/mD4WYojCRwcwLA==
  
  npm-watch@0.11.0:
    version "0.11.0"
    resolved "https://registry.npmjs.org/npm-watch/-/npm-watch-0.11.0.tgz"
    integrity sha512-wAOd0moNX2kSA2FNvt8+7ORwYaJpQ1ZoWjUYdb1bBCxq4nkWuU0IiJa9VpVxrj5Ks+FGXQd62OC/Bjk0aSr+dg==
    dependencies:
      nodemon "^2.0.7"
      through2 "^4.0.2"
  
  object-inspect@^1.13.3:
    version "1.13.4"
    resolved "https://registry.npmjs.org/object-inspect/-/object-inspect-1.13.4.tgz"
    integrity sha512-W67iLl4J2EXEGTbfeHCffrjDfitvLANg0UlX3wFUUSTx92KXRFegMHUVgSqE+wvhAbi4WqjGg9czysTV2Epbew==
  
  once@^1.3.0:
    version "1.4.0"
    resolved "https://registry.npmjs.org/once/-/once-1.4.0.tgz"
    integrity sha512-lNaJgI+2Q5URQBkccEKHTQOPaXdUxnZZElQTZY0MFUAuaEqe1E+Nyvgdz/aIyNi6Z9MzO5dv1H8n58/GELp3+w==
    dependencies:
      wrappy "1"
  
  opener@^1.5.1:
    version "1.5.2"
    resolved "https://registry.npmjs.org/opener/-/opener-1.5.2.tgz"
    integrity sha512-ur5UIdyw5Y7yEj9wLzhqXiy6GZ3Mwx0yGI+5sMn2r0N0v3cKJvUmFH5yPP+WXh9e0xfyzyJX95D8l088DNFj7A==
  
  optionator@^0.9.3:
    version "0.9.4"
    resolved "https://registry.npmjs.org/optionator/-/optionator-0.9.4.tgz"
    integrity sha512-6IpQ7mKUxRcZNLIObR0hz7lxsapSSIYNZJwXPGeF0mTVqGKFIXj1DQcMoT22S3ROcLyY/rz0PWaWZ9ayWmad9g==
    dependencies:
      deep-is "^0.1.3"
      fast-levenshtein "^2.0.6"
      levn "^0.4.1"
      prelude-ls "^1.2.1"
      type-check "^0.4.0"
      word-wrap "^1.2.5"
  
  p-limit@^3.0.2:
    version "3.1.0"
    resolved "https://registry.npmjs.org/p-limit/-/p-limit-3.1.0.tgz"
    integrity sha512-TYOanM3wGwNGsZN2cVTYPArw454xnXj5qmWF1bEoAc4+cU/ol7GVh7odevjp1FNHduHc3KZMcFduxU5Xc6uJRQ==
    dependencies:
      yocto-queue "^0.1.0"
  
  p-limit@^4.0.0:
    version "4.0.0"
    resolved "https://registry.npmjs.org/p-limit/-/p-limit-4.0.0.tgz"
    integrity sha512-5b0R4txpzjPWVw/cXXUResoD4hb6U/x9BH08L7nw+GN1sezDzPdxeRvpc9c433fZhBan/wusjbCsqwqm4EIBIQ==
    dependencies:
      yocto-queue "^1.0.0"
  
  p-locate@^5.0.0:
    version "5.0.0"
    resolved "https://registry.npmjs.org/p-locate/-/p-locate-5.0.0.tgz"
    integrity sha512-LaNjtRWUBY++zB5nE/NwcaoMylSPk+S+ZHNB1TzdbMJMny6dynpAGt7X/tl/QYq3TIeE6nxHppbo2LGymrG5Pw==
    dependencies:
      p-limit "^3.0.2"
  
  p-locate@^6.0.0:
    version "6.0.0"
    resolved "https://registry.npmjs.org/p-locate/-/p-locate-6.0.0.tgz"
    integrity sha512-wPrq66Llhl7/4AGC6I+cqxT07LhXvWL08LNXz1fENOw0Ap4sRZZ/gZpTTJ5jpurzzzfS2W/Ge9BY3LgLjCShcw==
    dependencies:
      p-limit "^4.0.0"
  
  parent-module@^1.0.0:
    version "1.0.1"
    resolved "https://registry.npmjs.org/parent-module/-/parent-module-1.0.1.tgz"
    integrity sha512-GQ2EWRpQV8/o+Aw8YqtfZZPfNRWZYkbidE9k5rpl/hC3vtHHBfGm2Ifi6qWV+coDGkrUKZAxE3Lot5kcsRlh+g==
    dependencies:
      callsites "^3.0.0"
  
  path-exists@^4.0.0:
    version "4.0.0"
    resolved "https://registry.npmjs.org/path-exists/-/path-exists-4.0.0.tgz"
    integrity sha512-ak9Qy5Q7jYb2Wwcey5Fpvg2KoAc/ZIhLSLOSBmRmygPsGwkVVt0fZa0qrtMz+m6tJTAHfZQ8FnmB4MG4LWy7/w==
  
  path-exists@^5.0.0:
    version "5.0.0"
    resolved "https://registry.npmjs.org/path-exists/-/path-exists-5.0.0.tgz"
    integrity sha512-RjhtfwJOxzcFmNOi6ltcbcu4Iu+FL3zEj83dk4kAS+fVpTxXLO1b38RvJgT/0QwvV/L3aY9TAnyv0EOqW4GoMQ==
  
  path-is-absolute@^1.0.0:
    version "1.0.1"
    resolved "https://registry.npmjs.org/path-is-absolute/-/path-is-absolute-1.0.1.tgz"
    integrity sha512-AVbw3UJ2e9bq64vSaS9Am0fje1Pa8pbGqTTsmXfaIiMpnr5DlDhfJOuLj9Sf95ZPVDAUerDfEk88MPmPe7UCQg==
  
  path-key@^3.1.0:
    version "3.1.1"
    resolved "https://registry.npmjs.org/path-key/-/path-key-3.1.1.tgz"
    integrity sha512-ojmeN0qd+y0jszEtoY48r0Peq5dwMEkIlCOu6Q5f41lfkswXuKtYrhgoTpLnyIcHm24Uhqx+5Tqm2InSwLhE6Q==
  
  path-parse@^1.0.7:
    version "1.0.7"
    resolved "https://registry.npmjs.org/path-parse/-/path-parse-1.0.7.tgz"
    integrity sha512-LDJzPVEEEPR+y48z93A0Ed0yXb8pAByGWo/k5YYdYgpY2/2EsOsksJrq7lOHxryrVOn1ejG6oAp8ahvOIQD8sw==
  
  path-type@^4.0.0:
    version "4.0.0"
    resolved "https://registry.npmjs.org/path-type/-/path-type-4.0.0.tgz"
    integrity sha512-gDKb8aZMDeD/tZWs9P6+q0J9Mwkdl6xMV8TjnGP3qJVJ06bdMgkbBlLU8IdfOsIsFz2BW1rNVT3XuNEl8zPAvw==
  
  picocolors@^1.1.1:
    version "1.1.1"
    resolved "https://registry.npmjs.org/picocolors/-/picocolors-1.1.1.tgz"
    integrity sha512-xceH2snhtb5M9liqDsmEw56le376mTZkEX/jEb/RxNFyegNul7eNslCXP9FDj/Lcu0X8KEyMceP2ntpaHrDEVA==
  
  picomatch@^2.0.4, picomatch@^2.2.1, picomatch@^2.3.1:
    version "2.3.1"
    resolved "https://registry.npmjs.org/picomatch/-/picomatch-2.3.1.tgz"
    integrity sha512-JU3teHTNjmE2VCGFzuY8EXzCDVwEqB2a8fsIvwaStHhAWJEeVd1o1QD80CU6+ZdEXXSLbSsuLwJjkCBWqRQUVA==
  
  pkg-dir@^7.0.0:
    version "7.0.0"
    resolved "https://registry.npmjs.org/pkg-dir/-/pkg-dir-7.0.0.tgz"
    integrity sha512-Ie9z/WINcxxLp27BKOCHGde4ITq9UklYKDzVo1nhk5sqGEXU3FpkwP5GM2voTGJkGd9B3Otl+Q4uwSOeSUtOBA==
    dependencies:
      find-up "^6.3.0"
  
  portfinder@^1.0.28:
    version "1.0.37"
    resolved "https://registry.npmjs.org/portfinder/-/portfinder-1.0.37.tgz"
    integrity sha512-yuGIEjDAYnnOex9ddMnKZEMFE0CcGo6zbfzDklkmT1m5z734ss6JMzN9rNB3+RR7iS+F10D4/BVIaXOyh8PQKw==
    dependencies:
      async "^3.2.6"
      debug "^4.3.6"
  
  prelude-ls@^1.2.1:
    version "1.2.1"
    resolved "https://registry.npmjs.org/prelude-ls/-/prelude-ls-1.2.1.tgz"
    integrity sha512-vkcDPrRZo1QZLbn5RLGPpg/WmIQ65qoWWhcGKf/b5eplkkarX0m9z8ppCat4mlOqUsWpyNuYgO3VRyrYHSzX5g==
  
  prettier-eslint@15.0.1:
    version "15.0.1"
    resolved "https://registry.npmjs.org/prettier-eslint/-/prettier-eslint-15.0.1.tgz"
    integrity sha512-mGOWVHixSvpZWARqSDXbdtTL54mMBxc5oQYQ6RAqy8jecuNJBgN3t9E5a81G66F8x8fsKNiR1HWaBV66MJDOpg==
    dependencies:
      "@types/eslint" "^8.4.2"
      "@types/prettier" "^2.6.0"
      "@typescript-eslint/parser" "^5.10.0"
      common-tags "^1.4.0"
      dlv "^1.1.0"
      eslint "^8.7.0"
      indent-string "^4.0.0"
      lodash.merge "^4.6.0"
      loglevel-colored-level-prefix "^1.0.0"
      prettier "^2.5.1"
      pretty-format "^23.0.1"
      require-relative "^0.8.7"
      typescript "^4.5.4"
      vue-eslint-parser "^8.0.1"
  
  prettier@^2.5.1:
    version "2.8.8"
    resolved "https://registry.npmjs.org/prettier/-/prettier-2.8.8.tgz"
    integrity sha512-tdN8qQGvNjw4CHbY+XXk0JgCXn9QiF21a55rBe5LJAU+kDyC4WQn4+awm2Xfk2lQMk5fKup9XgzTZtGkjBdP9Q==
  
  prettier@3.0.2:
    version "3.0.2"
    resolved "https://registry.npmjs.org/prettier/-/prettier-3.0.2.tgz"
    integrity sha512-o2YR9qtniXvwEZlOKbveKfDQVyqxbEIWn48Z8m3ZJjBjcCmUy3xZGIv+7AkaeuaTr6yPXJjwv07ZWlsWbEy1rQ==
  
  pretty-format@^23.0.1:
    version "23.6.0"
    resolved "https://registry.npmjs.org/pretty-format/-/pretty-format-23.6.0.tgz"
    integrity sha512-zf9NV1NSlDLDjycnwm6hpFATCGl/K1lt0R/GdkAK2O5LN/rwJoB+Mh93gGJjut4YbmecbfgLWVGSTCr0Ewvvbw==
    dependencies:
      ansi-regex "^3.0.0"
      ansi-styles "^3.2.0"
  
  pstree.remy@^1.1.8:
    version "1.1.8"
    resolved "https://registry.npmjs.org/pstree.remy/-/pstree.remy-1.1.8.tgz"
    integrity sha512-77DZwxQmxKnu3aR542U+X8FypNzbfJ+C5XQDk3uWjWxn6151aIMGthWYRXTqT1E5oJvg+ljaa2OJi+VfvCOQ8w==
  
  punycode@^2.1.0:
    version "2.3.1"
    resolved "https://registry.npmjs.org/punycode/-/punycode-2.3.1.tgz"
    integrity sha512-vYt7UD1U9Wg6138shLtLOvdAu+8DsC/ilFtEVHcH+wydcSpNE20AfSOduf6MkRFahL5FY7X1oU7nKVZFtfq8Fg==
  
  qs@^6.4.0:
    version "6.14.0"
    resolved "https://registry.npmjs.org/qs/-/qs-6.14.0.tgz"
    integrity sha512-YWWTjgABSKcvs/nWBi9PycY/JiPJqOD4JA6o9Sej2AtvSGarXxKC3OQSk4pAarbdQlKAh5D4FCQkJNkW+GAn3w==
    dependencies:
      side-channel "^1.1.0"
  
  queue-microtask@^1.2.2:
    version "1.2.3"
    resolved "https://registry.npmjs.org/queue-microtask/-/queue-microtask-1.2.3.tgz"
    integrity sha512-NuaNSa6flKT5JaSYQzJok04JzTL1CA6aGhv5rfLW3PgqA+M2ChpZQnAC8h8i4ZFkBS8X5RqkDBHA7r4hej3K9A==
  
  randombytes@^2.1.0:
    version "2.1.0"
    resolved "https://registry.npmjs.org/randombytes/-/randombytes-2.1.0.tgz"
    integrity sha512-vYl3iOX+4CKUWuxGi9Ukhie6fsqXqS9FE2Zaic4tNFD2N2QQaXOMFbuKK4QmDHC0JO6B1Zp41J0LpT0oR68amQ==
    dependencies:
      safe-buffer "^5.1.0"
  
  readable-stream@3:
    version "3.6.2"
    resolved "https://registry.npmjs.org/readable-stream/-/readable-stream-3.6.2.tgz"
    integrity sha512-9u/sniCrY3D5WdsERHzHE4G2YCXqoG5FTHUiCC4SIbr6XcLZBY05ya9EKjYek9O5xOAwjGq+1JdGBAS7Q9ScoA==
    dependencies:
      inherits "^2.0.3"
      string_decoder "^1.1.1"
      util-deprecate "^1.0.1"
  
  readdirp@~3.6.0:
    version "3.6.0"
    resolved "https://registry.npmjs.org/readdirp/-/readdirp-3.6.0.tgz"
    integrity sha512-hOS089on8RduqdbhvQ5Z37A0ESjsqz6qnRcffsMU3495FuTdqSm+7bhJ29JvIOsBDEEnan5DPu9t3To9VRlMzA==
    dependencies:
      picomatch "^2.2.1"
  
  regenerate-unicode-properties@^10.2.0:
    version "10.2.0"
    resolved "https://registry.npmjs.org/regenerate-unicode-properties/-/regenerate-unicode-properties-10.2.0.tgz"
    integrity sha512-DqHn3DwbmmPVzeKj9woBadqmXxLvQoQIwu7nopMc72ztvxVmVk2SBhSnx67zuye5TP+lJsb/TBQsjLKhnDf3MA==
    dependencies:
      regenerate "^1.4.2"
  
  regenerate@^1.4.2:
    version "1.4.2"
    resolved "https://registry.npmjs.org/regenerate/-/regenerate-1.4.2.tgz"
    integrity sha512-zrceR/XhGYU/d/opr2EKO7aRHUeiBI8qjtfHqADTwZd6Szfy16la6kqD0MIUs5z5hx6AaKa+PixpPrR289+I0A==
  
  regexpu-core@^6.2.0:
    version "6.2.0"
    resolved "https://registry.npmjs.org/regexpu-core/-/regexpu-core-6.2.0.tgz"
    integrity sha512-H66BPQMrv+V16t8xtmq+UC0CBpiTBA60V8ibS1QVReIp8T1z8hwFxqcGzm9K6lgsN7sB5edVH8a+ze6Fqm4weA==
    dependencies:
      regenerate "^1.4.2"
      regenerate-unicode-properties "^10.2.0"
      regjsgen "^0.8.0"
      regjsparser "^0.12.0"
      unicode-match-property-ecmascript "^2.0.0"
      unicode-match-property-value-ecmascript "^2.1.0"
  
  regjsgen@^0.8.0:
    version "0.8.0"
    resolved "https://registry.npmjs.org/regjsgen/-/regjsgen-0.8.0.tgz"
    integrity sha512-RvwtGe3d7LvWiDQXeQw8p5asZUmfU1G/l6WbUXeHta7Y2PEIvBTwH6E2EfmYUK8pxcxEdEmaomqyp0vZZ7C+3Q==
  
  regjsparser@^0.12.0:
    version "0.12.0"
    resolved "https://registry.npmjs.org/regjsparser/-/regjsparser-0.12.0.tgz"
    integrity sha512-cnE+y8bz4NhMjISKbgeVJtqNbtf5QpjZP+Bslo+UqkIt9QPnX9q095eiRRASJG1/tz6dlNr6Z5NsBiWYokp6EQ==
    dependencies:
      jsesc "~3.0.2"
  
  require-from-string@^2.0.2:
    version "2.0.2"
    resolved "https://registry.npmjs.org/require-from-string/-/require-from-string-2.0.2.tgz"
    integrity sha512-Xf0nWe6RseziFMu+Ap9biiUbmplq6S9/p+7w7YXP/JBHhrUDDUhwa+vANyubuqfZWTveU//DYVGsDG7RKL/vEw==
  
  require-relative@^0.8.7:
    version "0.8.7"
    resolved "https://registry.npmjs.org/require-relative/-/require-relative-0.8.7.tgz"
    integrity sha512-AKGr4qvHiryxRb19m3PsLRGuKVAbJLUD7E6eOaHkfKhwc+vSgVOCY5xNvm9EkolBKTOf0GrQAZKLimOCz81Khg==
  
  requires-port@^1.0.0:
    version "1.0.0"
    resolved "https://registry.npmjs.org/requires-port/-/requires-port-1.0.0.tgz"
    integrity sha512-KigOCHcocU3XODJxsu8i/j8T9tzT4adHiecwORRQ0ZZFcp7ahwXuRU1m+yuO90C5ZUyGeGfocHDI14M3L3yDAQ==
  
  resolve-from@^4.0.0:
    version "4.0.0"
    resolved "https://registry.npmjs.org/resolve-from/-/resolve-from-4.0.0.tgz"
    integrity sha512-pb/MYmXstAkysRFx8piNI1tGFNQIFA3vkE3Gq4EuA1dF6gHp/+vgZqsCGJapvy8N3Q+4o7FwvquPJcnZ7RYy4g==
  
  resolve@^1.14.2:
    version "1.22.10"
    resolved "https://registry.npmjs.org/resolve/-/resolve-1.22.10.tgz"
    integrity sha512-NPRy+/ncIMeDlTAsuqwKIiferiawhefFJtkNSW0qZJEqMEb+qBt/77B/jGeeek+F0uOeN05CDa6HXbbIgtVX4w==
    dependencies:
      is-core-module "^2.16.0"
      path-parse "^1.0.7"
      supports-preserve-symlinks-flag "^1.0.0"
  
  reusify@^1.0.4:
    version "1.1.0"
    resolved "https://registry.npmjs.org/reusify/-/reusify-1.1.0.tgz"
    integrity sha512-g6QUff04oZpHs0eG5p83rFLhHeV00ug/Yf9nZM6fLeUrPguBTkTQOdpAWWspMh55TZfVQDPaN3NQJfbVRAxdIw==
  
  rimraf@^3.0.2:
    version "3.0.2"
    resolved "https://registry.npmjs.org/rimraf/-/rimraf-3.0.2.tgz"
    integrity sha512-JZkJMZkAGFFPP2YqXZXPbMlMBgsxzE8ILs4lMIX/2o0L9UBw9O/Y3o6wFw/i9YLapcUJWwqbi3kdxIPdC62TIA==
    dependencies:
      glob "^7.1.3"
  
  rollup@^1.20.0||^2.0.0||^3.0.0||^4.0.0, rollup@^2.0.0||^3.0.0||^4.0.0, rollup@3.28.1:
    version "3.28.1"
    resolved "https://registry.npmjs.org/rollup/-/rollup-3.28.1.tgz"
    integrity sha512-R9OMQmIHJm9znrU3m3cpE8uhN0fGdXiawME7aZIpQqvpS/85+Vt1Hq1/yVIcYfOmaQiHjvXkQAoJukvLpau6Yw==
    optionalDependencies:
      fsevents "~2.3.2"
  
  run-parallel@^1.1.9:
    version "1.2.0"
    resolved "https://registry.npmjs.org/run-parallel/-/run-parallel-1.2.0.tgz"
    integrity sha512-5l4VyZR86LZ/lDxZTR6jqL8AFE2S0IFLMP26AbjsLVADxHdhB/c0GUsH+y39UfCi3dzz8OlQuPmnaJOMoDHQBA==
    dependencies:
      queue-microtask "^1.2.2"
  
  safe-buffer@^5.1.0, safe-buffer@~5.2.0:
    version "5.2.1"
    resolved "https://registry.npmjs.org/safe-buffer/-/safe-buffer-5.2.1.tgz"
    integrity sha512-rp3So07KcdmmKbGvgaNxQSJr7bGVSVk5S9Eq1F+ppbRo70+YeaDxkw5Dd8NPN+GD6bjnYm2VuPuCXmpuYvmCXQ==
  
  safe-buffer@5.1.2:
    version "5.1.2"
    resolved "https://registry.npmjs.org/safe-buffer/-/safe-buffer-5.1.2.tgz"
    integrity sha512-Gd2UZBJDkXlY7GbJxfsE8/nvKkUEU1G38c1siN6QP6a9PT9MmHB8GnpscSmMJSoF8LOIrt8ud/wPtojys4G6+g==
  
  "safer-buffer@>= 2.1.2 < 3.0.0":
    version "2.1.2"
    resolved "https://registry.npmjs.org/safer-buffer/-/safer-buffer-2.1.2.tgz"
    integrity sha512-YZo3K82SD7Riyi0E1EQPojLz7kpepnSQI9IyPbHHg1XXXevb5dJI7tpyN2ADxGcQbHG7vcyRHk0cbwqcQriUtg==
  
  schema-utils@^3.0.0:
    version "3.3.0"
    resolved "https://registry.npmjs.org/schema-utils/-/schema-utils-3.3.0.tgz"
    integrity sha512-pN/yOAvcC+5rQ5nERGuwrjLlYvLTbCibnZ1I7B1LaiAz9BRBlE9GMgE/eqV30P7aJQUf7Ddimy/RsbYO/GrVGg==
    dependencies:
      "@types/json-schema" "^7.0.8"
      ajv "^6.12.5"
      ajv-keywords "^3.5.2"
  
  schema-utils@^4.0.0:
    version "4.3.2"
    resolved "https://registry.npmjs.org/schema-utils/-/schema-utils-4.3.2.tgz"
    integrity sha512-Gn/JaSk/Mt9gYubxTtSn/QCV4em9mpAPiR1rqy/Ocu19u/G9J5WWdNoUT4SiV6mFC3y6cxyFcFwdzPM3FgxGAQ==
    dependencies:
      "@types/json-schema" "^7.0.9"
      ajv "^8.9.0"
      ajv-formats "^2.1.1"
      ajv-keywords "^5.1.0"
  
  schema-utils@^4.3.0:
    version "4.3.2"
    resolved "https://registry.npmjs.org/schema-utils/-/schema-utils-4.3.2.tgz"
    integrity sha512-Gn/JaSk/Mt9gYubxTtSn/QCV4em9mpAPiR1rqy/Ocu19u/G9J5WWdNoUT4SiV6mFC3y6cxyFcFwdzPM3FgxGAQ==
    dependencies:
      "@types/json-schema" "^7.0.9"
      ajv "^8.9.0"
      ajv-formats "^2.1.1"
      ajv-keywords "^5.1.0"
  
  schema-utils@^4.3.2:
    version "4.3.2"
    resolved "https://registry.npmjs.org/schema-utils/-/schema-utils-4.3.2.tgz"
    integrity sha512-Gn/JaSk/Mt9gYubxTtSn/QCV4em9mpAPiR1rqy/Ocu19u/G9J5WWdNoUT4SiV6mFC3y6cxyFcFwdzPM3FgxGAQ==
    dependencies:
      "@types/json-schema" "^7.0.9"
      ajv "^8.9.0"
      ajv-formats "^2.1.1"
      ajv-keywords "^5.1.0"
  
  secure-compare@3.0.1:
    version "3.0.1"
    resolved "https://registry.npmjs.org/secure-compare/-/secure-compare-3.0.1.tgz"
    integrity sha512-AckIIV90rPDcBcglUwXPF3kg0P0qmPsPXAj6BBEENQE1p5yA1xfmDJzfi1Tappj37Pv2mVbKpL3Z1T+Nn7k1Qw==
  
  semver@^5.7.1:
    version "5.7.2"
    resolved "https://registry.npmjs.org/semver/-/semver-5.7.2.tgz"
    integrity sha512-cBznnQ9KjJqU67B52RMC65CMarK2600WFnbkcaiwWq3xy/5haFJlshgnpjovMVJ+Hff49d8GEn0b87C5pDQ10g==
  
  semver@^6.3.0, semver@^6.3.1:
    version "6.3.1"
    resolved "https://registry.npmjs.org/semver/-/semver-6.3.1.tgz"
    integrity sha512-BR7VvDCVHO+q2xBEWskxS6DJE1qRnb7DxzUrogb71CWoSficBxYsiAGd+Kl0mmq/MprG9yArRkyrQxTO6XjMzA==
  
  semver@^7.3.5:
    version "7.7.1"
    resolved "https://registry.npmjs.org/semver/-/semver-7.7.1.tgz"
    integrity sha512-hlq8tAfn0m/61p4BVRcPzIGr6LKiMwo4VM6dGi6pt4qcRkmNzTcWq6eCEjEh+qXjkMDvPlOFFSGwQjoEa6gyMA==
  
  semver@^7.3.7:
    version "7.7.1"
    resolved "https://registry.npmjs.org/semver/-/semver-7.7.1.tgz"
    integrity sha512-hlq8tAfn0m/61p4BVRcPzIGr6LKiMwo4VM6dGi6pt4qcRkmNzTcWq6eCEjEh+qXjkMDvPlOFFSGwQjoEa6gyMA==
  
  semver@~7.0.0:
    version "7.0.0"
    resolved "https://registry.npmjs.org/semver/-/semver-7.0.0.tgz"
    integrity sha512-+GB6zVA9LWh6zovYQLALHwv5rb2PHGlJi3lfiqIHxR0uuwCgefcOJc59v9fv1w8GbStwxuuqqAjI9NMAOOgq1A==
  
  serialize-javascript@^6.0.1, serialize-javascript@^6.0.2:
    version "6.0.2"
    resolved "https://registry.npmjs.org/serialize-javascript/-/serialize-javascript-6.0.2.tgz"
    integrity sha512-Saa1xPByTTq2gdeFZYLLo+RFE35NHZkAbqZeWNd3BpzppeVisAqpDjcp8dyf6uIvEqJRd46jemmyA4iFIeVk8g==
    dependencies:
      randombytes "^2.1.0"
  
  shebang-command@^2.0.0:
    version "2.0.0"
    resolved "https://registry.npmjs.org/shebang-command/-/shebang-command-2.0.0.tgz"
    integrity sha512-kHxr2zZpYtdmrN1qDjrrX/Z1rR1kG8Dx+gkpK1G4eXmvXswmcE1hTWBWYUzlraYw1/yZp6YuDY77YtvbN0dmDA==
    dependencies:
      shebang-regex "^3.0.0"
  
  shebang-regex@^3.0.0:
    version "3.0.0"
    resolved "https://registry.npmjs.org/shebang-regex/-/shebang-regex-3.0.0.tgz"
    integrity sha512-7++dFhtcx3353uBaq8DDR4NuxBetBzC7ZQOhmTQInHEd6bSrXdiEyzCvG07Z44UYdLShWUyXt5M/yhz8ekcb1A==
  
  side-channel-list@^1.0.0:
    version "1.0.0"
    resolved "https://registry.npmjs.org/side-channel-list/-/side-channel-list-1.0.0.tgz"
    integrity sha512-FCLHtRD/gnpCiCHEiJLOwdmFP+wzCmDEkc9y7NsYxeF4u7Btsn1ZuwgwJGxImImHicJArLP4R0yX4c2KCrMrTA==
    dependencies:
      es-errors "^1.3.0"
      object-inspect "^1.13.3"
  
  side-channel-map@^1.0.1:
    version "1.0.1"
    resolved "https://registry.npmjs.org/side-channel-map/-/side-channel-map-1.0.1.tgz"
    integrity sha512-VCjCNfgMsby3tTdo02nbjtM/ewra6jPHmpThenkTYh8pG9ucZ/1P8So4u4FGBek/BjpOVsDCMoLA/iuBKIFXRA==
    dependencies:
      call-bound "^1.0.2"
      es-errors "^1.3.0"
      get-intrinsic "^1.2.5"
      object-inspect "^1.13.3"
  
  side-channel-weakmap@^1.0.2:
    version "1.0.2"
    resolved "https://registry.npmjs.org/side-channel-weakmap/-/side-channel-weakmap-1.0.2.tgz"
    integrity sha512-WPS/HvHQTYnHisLo9McqBHOJk2FkHO/tlpvldyrnem4aeQp4hai3gythswg6p01oSoTl58rcpiFAjF2br2Ak2A==
    dependencies:
      call-bound "^1.0.2"
      es-errors "^1.3.0"
      get-intrinsic "^1.2.5"
      object-inspect "^1.13.3"
      side-channel-map "^1.0.1"
  
  side-channel@^1.1.0:
    version "1.1.0"
    resolved "https://registry.npmjs.org/side-channel/-/side-channel-1.1.0.tgz"
    integrity sha512-ZX99e6tRweoUXqR+VBrslhda51Nh5MTQwou5tnUDgbtyM0dBgmhEDtWGP/xbKn6hqfPRHujUNwz5fy/wbbhnpw==
    dependencies:
      es-errors "^1.3.0"
      object-inspect "^1.13.3"
      side-channel-list "^1.0.0"
      side-channel-map "^1.0.1"
      side-channel-weakmap "^1.0.2"
  
  simple-update-notifier@^1.0.7:
    version "1.1.0"
    resolved "https://registry.npmjs.org/simple-update-notifier/-/simple-update-notifier-1.1.0.tgz"
    integrity sha512-VpsrsJSUcJEseSbMHkrsrAVSdvVS5I96Qo1QAQ4FxQ9wXFcB+pjj7FB7/us9+GcgfW4ziHtYMc1J0PLczb55mg==
    dependencies:
      semver "~7.0.0"
  
  slash@^3.0.0:
    version "3.0.0"
    resolved "https://registry.npmjs.org/slash/-/slash-3.0.0.tgz"
    integrity sha512-g9Q1haeby36OSStwb4ntCGGGaKsaVSjQ68fBxoQcutl5fS1vuY18H3wSt3jFyFtrkx+Kz0V1G85A4MyAdDMi2Q==
  
  smob@^1.0.0:
    version "1.5.0"
    resolved "https://registry.npmjs.org/smob/-/smob-1.5.0.tgz"
    integrity sha512-g6T+p7QO8npa+/hNx9ohv1E5pVCmWrVCUzUXJyLdMmftX6ER0oiWY/w9knEonLpnOp6b6FenKnMfR8gqwWdwig==
  
  source-map-support@~0.5.20:
    version "0.5.21"
    resolved "https://registry.npmjs.org/source-map-support/-/source-map-support-0.5.21.tgz"
    integrity sha512-uBHU3L3czsIyYXKX88fdrGovxdSCoTGDRZ6SYXtSRxLZUzHg5P/66Ht6uoUlHu9EZod+inXhKo3qQgwXUT/y1w==
    dependencies:
      buffer-from "^1.0.0"
      source-map "^0.6.0"
  
  source-map@^0.6.0:
    version "0.6.1"
    resolved "https://registry.npmjs.org/source-map/-/source-map-0.6.1.tgz"
    integrity sha512-UjgapumWlbMhkBgzT7Ykc5YXUT46F0iKu8SGXq0bcwP5dz/h0Plj6enJqjz1Zbq2l5WaqYnrVbwWOWMyF3F47g==
  
  string_decoder@^1.1.1:
    version "1.3.0"
    resolved "https://registry.npmjs.org/string_decoder/-/string_decoder-1.3.0.tgz"
    integrity sha512-hkRX8U1WjJFd8LsDJ2yQ/wWWxaopEsABU1XfkM8A+j0+85JAGppt16cr1Whg6KIbb4okU6Mql6BOj+uup/wKeA==
    dependencies:
      safe-buffer "~5.2.0"
  
  strip-ansi@^3.0.0:
    version "3.0.1"
    resolved "https://registry.npmjs.org/strip-ansi/-/strip-ansi-3.0.1.tgz"
    integrity sha512-VhumSSbBqDTP8p2ZLKj40UjBCV4+v8bUSEpUb4KjRgWk9pbqGF4REFj6KEagidb2f/M6AzC0EmFyDNGaw9OCzg==
    dependencies:
      ansi-regex "^2.0.0"
  
  strip-ansi@^6.0.1:
    version "6.0.1"
    resolved "https://registry.npmjs.org/strip-ansi/-/strip-ansi-6.0.1.tgz"
    integrity sha512-Y38VPSHcqkFrCpFnQ9vuSXmquuv5oXOKpGeT6aGrr3o3Gc9AlVa6JBfUSOCnbxGGZF+/0ooI7KrPuUSztUdU5A==
    dependencies:
      ansi-regex "^5.0.1"
  
  strip-json-comments@^3.1.1:
    version "3.1.1"
    resolved "https://registry.npmjs.org/strip-json-comments/-/strip-json-comments-3.1.1.tgz"
    integrity sha512-6fPc+R4ihwqP6N/aIv2f1gMH8lOVtWQHoqC4yK6oSDVVocumAsfCqjkXnqiYMhmMwS/mEHLp7Vehlt3ql6lEig==
  
  supports-color@^2.0.0:
    version "2.0.0"
    resolved "https://registry.npmjs.org/supports-color/-/supports-color-2.0.0.tgz"
    integrity sha512-KKNVtd6pCYgPIKU4cp2733HWYCpplQhddZLBUryaAHou723x+FRzQ5Df824Fj+IyyuiQTRoub4SnIFfIcrp70g==
  
  supports-color@^5.5.0:
    version "5.5.0"
    resolved "https://registry.npmjs.org/supports-color/-/supports-color-5.5.0.tgz"
    integrity sha512-QjVjwdXIt408MIiAqCX4oUKsgU2EqAGzs2Ppkm4aQYbjm+ZEWEcW4SfFNTr4uMNZma0ey4f5lgLrkB0aX0QMow==
    dependencies:
      has-flag "^3.0.0"
  
  supports-color@^7.1.0:
    version "7.2.0"
    resolved "https://registry.npmjs.org/supports-color/-/supports-color-7.2.0.tgz"
    integrity sha512-qpCAvRl9stuOHveKsn7HncJRvv501qIacKzQlO/+Lwxc9+0q2wLyv4Dfvt80/DPn2pqOBsJdDiogXGR9+OvwRw==
    dependencies:
      has-flag "^4.0.0"
  
  supports-color@^8.0.0:
    version "8.1.1"
    resolved "https://registry.npmjs.org/supports-color/-/supports-color-8.1.1.tgz"
    integrity sha512-MpUEN2OodtUzxvKQl72cUF7RQ5EiHsGvSsVG0ia9c5RbWGL2CI4C7EpPS8UTBIplnlzZiNuV56w+FuNxy3ty2Q==
    dependencies:
      has-flag "^4.0.0"
  
  supports-preserve-symlinks-flag@^1.0.0:
    version "1.0.0"
    resolved "https://registry.npmjs.org/supports-preserve-symlinks-flag/-/supports-preserve-symlinks-flag-1.0.0.tgz"
    integrity sha512-ot0WnXS9fgdkgIcePe6RHNk1WA8+muPa6cSjeR3V8K27q9BB1rTE3R1p7Hv0z1ZyAc8s6Vvv8DIyWf681MAt0w==
  
  tapable@^2.1.1, tapable@^2.2.0:
    version "2.2.1"
    resolved "https://registry.npmjs.org/tapable/-/tapable-2.2.1.tgz"
    integrity sha512-GNzQvQTOIP6RyTfE2Qxb8ZVlNmw0n88vp1szwWRimP02mnTsx3Wtn5qRdqY9w2XduFNUgvOwhNnQsjwCp+kqaQ==
  
  terser-webpack-plugin@^5.3.11:
    version "5.3.14"
    resolved "https://registry.npmjs.org/terser-webpack-plugin/-/terser-webpack-plugin-5.3.14.tgz"
    integrity sha512-vkZjpUjb6OMS7dhV+tILUW6BhpDR7P2L/aQSAv+Uwk+m8KATX9EccViHTJR2qDtACKPIYndLGCyl3FMo+r2LMw==
    dependencies:
      "@jridgewell/trace-mapping" "^0.3.25"
      jest-worker "^27.4.5"
      schema-utils "^4.3.0"
      serialize-javascript "^6.0.2"
      terser "^5.31.1"
  
  terser@^5.17.4, terser@^5.31.1:
    version "5.39.0"
    resolved "https://registry.npmjs.org/terser/-/terser-5.39.0.tgz"
    integrity sha512-LBAhFyLho16harJoWMg/nZsQYgTrg5jXOn2nCYjRUcZZEdE3qa2zb8QEDRUGVZBW4rlazf2fxkg8tztybTaqWw==
    dependencies:
      "@jridgewell/source-map" "^0.3.3"
      acorn "^8.8.2"
      commander "^2.20.0"
      source-map-support "~0.5.20"
  
  text-table@^0.2.0:
    version "0.2.0"
    resolved "https://registry.npmjs.org/text-table/-/text-table-0.2.0.tgz"
    integrity sha512-N+8UisAXDGk8PFXP4HAzVR9nbfmVJ3zYLAWiTIoqC5v5isinhr+r5uaO8+7r3BMfuNIufIsA7RdpVgacC2cSpw==
  
  three@>=0.160.0:
    version "0.176.0"
    resolved "https://registry.npmjs.org/three/-/three-0.176.0.tgz"
    integrity sha512-PWRKYWQo23ojf9oZSlRGH8K09q7nRSWx6LY/HF/UUrMdYgN9i1e2OwJYHoQjwc6HF/4lvvYLC5YC1X8UJL2ZpA==
  
  through2@^4.0.2:
    version "4.0.2"
    resolved "https://registry.npmjs.org/through2/-/through2-4.0.2.tgz"
    integrity sha512-iOqSav00cVxEEICeD7TjLB1sueEL+81Wpzp2bY17uZjZN0pWZPuo4suZ/61VujxmqSGFfgOcNuTZ85QJwNZQpw==
    dependencies:
      readable-stream "3"
  
  to-regex-range@^5.0.1:
    version "5.0.1"
    resolved "https://registry.npmjs.org/to-regex-range/-/to-regex-range-5.0.1.tgz"
    integrity sha512-65P7iz6X5yEr1cwcgvQxbbIw7Uk3gOy5dIdtZ4rDveLqhrdJP+Li/Hx6tyK0NEb+2GCyneCMJiGqrADCSNk8sQ==
    dependencies:
      is-number "^7.0.0"
  
  touch@^3.1.0:
    version "3.1.1"
    resolved "https://registry.npmjs.org/touch/-/touch-3.1.1.tgz"
    integrity sha512-r0eojU4bI8MnHr8c5bNo7lJDdI2qXlWWJk6a9EAFG7vbhTjElYhBVS3/miuE0uOuoLdb8Mc/rVfsmm6eo5o9GA==
  
  tslib@^1.8.1:
    version "1.14.1"
    resolved "https://registry.npmjs.org/tslib/-/tslib-1.14.1.tgz"
    integrity sha512-Xni35NKzjgMrwevysHTCArtLDpPvye8zV/0E4EyYn43P7/7qvQwPh9BGkHewbMulVntbigmcT7rdX3BNo9wRJg==
  
  tsutils@^3.21.0:
    version "3.21.0"
    resolved "https://registry.npmjs.org/tsutils/-/tsutils-3.21.0.tgz"
    integrity sha512-mHKK3iUXL+3UF6xL5k0PEhKRUBKPBCv/+RkEOpjRWxxx27KKRBmmA60A9pgOUvMi8GKhRMPEmjBRPzs2W7O1OA==
    dependencies:
      tslib "^1.8.1"
  
  type-check@^0.4.0, type-check@~0.4.0:
    version "0.4.0"
    resolved "https://registry.npmjs.org/type-check/-/type-check-0.4.0.tgz"
    integrity sha512-XleUoc9uwGXqjWwXaUTZAmzMcFZ5858QA2vvx1Ur5xIcixXIP+8LnFDgRplU30us6teqdlskFfu+ae4K79Ooew==
    dependencies:
      prelude-ls "^1.2.1"
  
  type-fest@^0.20.2:
    version "0.20.2"
    resolved "https://registry.npmjs.org/type-fest/-/type-fest-0.20.2.tgz"
    integrity sha512-Ne+eE4r0/iWnpAxD852z3A+N0Bt5RN//NjJwRd2VFHEmrywxf5vsZlh4R6lixl6B+wz/8d+maTSAkN1FIkI3LQ==
  
  typescript@^4.5.4:
    version "4.9.5"
    resolved "https://registry.npmjs.org/typescript/-/typescript-4.9.5.tgz"
    integrity sha512-1FXk9E2Hm+QzZQ7z+McJiHL4NW1F2EzMu9Nq9i3zAaGqibafqYwCVU6WyWAuyQRRzOlxou8xZSyXLEN8oKj24g==
  
  typescript@^5.8.3, "typescript@>=2.8.0 || >= 3.2.0-dev || >= 3.3.0-dev || >= 3.4.0-dev || >= 3.5.0-dev || >= 3.6.0-dev || >= 3.6.0-beta || >= 3.7.0-dev || >= 3.7.0-beta":
    version "5.8.3"
    resolved "https://registry.npmjs.org/typescript/-/typescript-5.8.3.tgz"
    integrity sha512-p1diW6TqL9L07nNxvRMM7hMMw4c5XOo/1ibL4aAIGmSAt9slTE1Xgw5KWuof2uTOvCg9BY7ZRi+GaF+7sfgPeQ==
  
  undefsafe@^2.0.5:
    version "2.0.5"
    resolved "https://registry.npmjs.org/undefsafe/-/undefsafe-2.0.5.tgz"
    integrity sha512-WxONCrssBM8TSPRqN5EmsjVrsv4A8X12J4ArBiiayv3DyyG3ZlIg6yysuuSYdZsVz3TKcTg2fd//Ujd4CHV1iA==
  
  undici-types@~6.21.0:
    version "6.21.0"
    resolved "https://registry.npmjs.org/undici-types/-/undici-types-6.21.0.tgz"
    integrity sha512-iwDZqg0QAGrg9Rav5H4n0M64c3mkR59cJ6wQp+7C4nI0gsmExaedaYLNO44eT4AtBBwjbTiGPMlt2Md0T9H9JQ==
  
  unicode-canonical-property-names-ecmascript@^2.0.0:
    version "2.0.1"
    resolved "https://registry.npmjs.org/unicode-canonical-property-names-ecmascript/-/unicode-canonical-property-names-ecmascript-2.0.1.tgz"
    integrity sha512-dA8WbNeb2a6oQzAQ55YlT5vQAWGV9WXOsi3SskE3bcCdM0P4SDd+24zS/OCacdRq5BkdsRj9q3Pg6YyQoxIGqg==
  
  unicode-match-property-ecmascript@^2.0.0:
    version "2.0.0"
    resolved "https://registry.npmjs.org/unicode-match-property-ecmascript/-/unicode-match-property-ecmascript-2.0.0.tgz"
    integrity sha512-5kaZCrbp5mmbz5ulBkDkbY0SsPOjKqVS35VpL9ulMPfSl0J0Xsm+9Evphv9CoIZFwre7aJoa94AY6seMKGVN5Q==
    dependencies:
      unicode-canonical-property-names-ecmascript "^2.0.0"
      unicode-property-aliases-ecmascript "^2.0.0"
  
  unicode-match-property-value-ecmascript@^2.1.0:
    version "2.2.0"
    resolved "https://registry.npmjs.org/unicode-match-property-value-ecmascript/-/unicode-match-property-value-ecmascript-2.2.0.tgz"
    integrity sha512-4IehN3V/+kkr5YeSSDDQG8QLqO26XpL2XP3GQtqwlT/QYSECAwFztxVHjlbh0+gjJ3XmNLS0zDsbgs9jWKExLg==
  
  unicode-property-aliases-ecmascript@^2.0.0:
    version "2.1.0"
    resolved "https://registry.npmjs.org/unicode-property-aliases-ecmascript/-/unicode-property-aliases-ecmascript-2.1.0.tgz"
    integrity sha512-6t3foTQI9qne+OZoVQB/8x8rk2k1eVy1gRXhV3oFQ5T6R1dqQ1xtin3XqSlx3+ATBkliTaR/hHyJBm+LVPNM8w==
  
  union@~0.5.0:
    version "0.5.0"
    resolved "https://registry.npmjs.org/union/-/union-0.5.0.tgz"
    integrity sha512-N6uOhuW6zO95P3Mel2I2zMsbsanvvtgn6jVqJv4vbVcz/JN0OkL9suomjQGmWtxJQXOCqUJvquc1sMeNz/IwlA==
    dependencies:
      qs "^6.4.0"
  
  update-browserslist-db@^1.1.3:
    version "1.1.3"
    resolved "https://registry.npmjs.org/update-browserslist-db/-/update-browserslist-db-1.1.3.tgz"
    integrity sha512-UxhIZQ+QInVdunkDAaiazvvT/+fXL5Osr0JZlJulepYu6Jd7qJtDZjlur0emRlT71EN3ScPoE7gvsuIKKNavKw==
    dependencies:
      escalade "^3.2.0"
      picocolors "^1.1.1"
  
  uri-js@^4.2.2:
    version "4.4.1"
    resolved "https://registry.npmjs.org/uri-js/-/uri-js-4.4.1.tgz"
    integrity sha512-7rKUyy33Q1yc98pQ1DAmLtwX109F7TIfWlW1Ydo8Wl1ii1SeHieeh0HHfPeL2fMXK6z0s8ecKs9frCuLJvndBg==
    dependencies:
      punycode "^2.1.0"
  
  url-join@^4.0.1:
    version "4.0.1"
    resolved "https://registry.npmjs.org/url-join/-/url-join-4.0.1.tgz"
    integrity sha512-jk1+QP6ZJqyOiuEI9AEWQfju/nB2Pw466kbA0LEZljHwKeMgd9WrAEgEGxjPDD2+TNbbb37rTyhEfrCXfuKXnA==
  
  url-loader@4.1.1:
    version "4.1.1"
    resolved "https://registry.npmjs.org/url-loader/-/url-loader-4.1.1.tgz"
    integrity sha512-3BTV812+AVHHOJQO8O5MkWgZ5aosP7GnROJwvzLS9hWDj00lZ6Z0wNak423Lp9PBZN05N+Jk/N5Si8jRAlGyWA==
    dependencies:
      loader-utils "^2.0.0"
      mime-types "^2.1.27"
      schema-utils "^3.0.0"
  
  util-deprecate@^1.0.1:
    version "1.0.2"
    resolved "https://registry.npmjs.org/util-deprecate/-/util-deprecate-1.0.2.tgz"
    integrity sha512-EPD5q1uXyFxJpCrLnCc1nHnq3gOa6DZBocAIiI2TaSCA7VCJ1UJDMagCzIkXNsUYfD1daK//LTEQ8xiIbrHtcw==
  
  vue-eslint-parser@^8.0.1:
    version "8.3.0"
    resolved "https://registry.npmjs.org/vue-eslint-parser/-/vue-eslint-parser-8.3.0.tgz"
    integrity sha512-dzHGG3+sYwSf6zFBa0Gi9ZDshD7+ad14DGOdTLjruRVgZXe2J+DcZ9iUhyR48z5g1PqRa20yt3Njna/veLJL/g==
    dependencies:
      debug "^4.3.2"
      eslint-scope "^7.0.0"
      eslint-visitor-keys "^3.1.0"
      espree "^9.0.0"
      esquery "^1.4.0"
      lodash "^4.17.21"
      semver "^7.3.5"
  
  watchpack@^2.4.1:
    version "2.4.2"
    resolved "https://registry.npmjs.org/watchpack/-/watchpack-2.4.2.tgz"
    integrity sha512-TnbFSbcOCcDgjZ4piURLCbJ3nJhznVh9kw6F6iokjiFPl8ONxe9A6nMDVXDiNbrSfLILs6vB07F7wLBrwPYzJw==
    dependencies:
      glob-to-regexp "^0.4.1"
      graceful-fs "^4.1.2"
  
  webpack-sources@^3.2.3:
    version "3.2.3"
    resolved "https://registry.npmjs.org/webpack-sources/-/webpack-sources-3.2.3.tgz"
    integrity sha512-/DyMEOrDgLKKIG0fmvtz+4dUX/3Ghozwgm6iPp8KRhvn+eQf9+Q7GWxVNMk3+uCPWfdXYC4ExGBckIXdFEfH1w==
  
  "webpack@^4.0.0 || ^5.0.0", webpack@^5.1.0, webpack@>=5:
    version "5.99.8"
    resolved "https://registry.npmjs.org/webpack/-/webpack-5.99.8.tgz"
    integrity sha512-lQ3CPiSTpfOnrEGeXDwoq5hIGzSjmwD72GdfVzF7CQAI7t47rJG9eDWvcEkEn3CUQymAElVvDg3YNTlCYj+qUQ==
    dependencies:
      "@types/eslint-scope" "^3.7.7"
      "@types/estree" "^1.0.6"
      "@types/json-schema" "^7.0.15"
      "@webassemblyjs/ast" "^1.14.1"
      "@webassemblyjs/wasm-edit" "^1.14.1"
      "@webassemblyjs/wasm-parser" "^1.14.1"
      acorn "^8.14.0"
      browserslist "^4.24.0"
      chrome-trace-event "^1.0.2"
      enhanced-resolve "^5.17.1"
      es-module-lexer "^1.2.1"
      eslint-scope "5.1.1"
      events "^3.2.0"
      glob-to-regexp "^0.4.1"
      graceful-fs "^4.2.11"
      json-parse-even-better-errors "^2.3.1"
      loader-runner "^4.2.0"
      mime-types "^2.1.27"
      neo-async "^2.6.2"
      schema-utils "^4.3.2"
      tapable "^2.1.1"
      terser-webpack-plugin "^5.3.11"
      watchpack "^2.4.1"
      webpack-sources "^3.2.3"
  
  whatwg-encoding@^2.0.0:
    version "2.0.0"
    resolved "https://registry.npmjs.org/whatwg-encoding/-/whatwg-encoding-2.0.0.tgz"
    integrity sha512-p41ogyeMUrw3jWclHWTQg1k05DSVXPLcVxRTYsXUk+ZooOCZLcoYgPZ/HL/D/N+uQPOtcp1me1WhBEaX02mhWg==
    dependencies:
      iconv-lite "0.6.3"
  
  which@^2.0.1:
    version "2.0.2"
    resolved "https://registry.npmjs.org/which/-/which-2.0.2.tgz"
    integrity sha512-BLI3Tl1TW3Pvl70l3yq3Y64i+awpwXqsGBYWkkqMtnbXgrMD+yj7rhW0kuEDxzJaYXGjEW5ogapKNMEKNMjibA==
    dependencies:
      isexe "^2.0.0"
  
  word-wrap@^1.2.5:
    version "1.2.5"
    resolved "https://registry.npmjs.org/word-wrap/-/word-wrap-1.2.5.tgz"
    integrity sha512-BN22B5eaMMI9UMtjrGd5g5eCYPpCPDUy0FJXbYsaT5zYxjFOckS53SQDE3pWkVoWpHXVb3BrYcEN4Twa55B5cA==
  
  wrappy@1:
    version "1.0.2"
    resolved "https://registry.npmjs.org/wrappy/-/wrappy-1.0.2.tgz"
    integrity sha512-l4Sp/DRseor9wL6EvV2+TuQn63dMkPjZ/sp9XkghTEbV9KlPS1xUsZ3u7/IQO4wxtcFB4bgpQPRcR3QCvezPcQ==
  
  yallist@^3.0.2:
    version "3.1.1"
    resolved "https://registry.npmjs.org/yallist/-/yallist-3.1.1.tgz"
    integrity sha512-a4UGQaWPH59mOXUYnAG2ewncQS4i4F43Tv3JoAM+s2VDAmS9NsK8GpDMLrCHPksFT7h3K6TOoUNn2pb7RoXx4g==
  
  yocto-queue@^0.1.0:
    version "0.1.0"
    resolved "https://registry.npmjs.org/yocto-queue/-/yocto-queue-0.1.0.tgz"
    integrity sha512-rVksvsnNCdJ/ohGc6xgPwyN8eheCxsiLM8mxuE/t/mOVqJewPuO1miLpTHQiRgTKCLexL4MeAFVagts7HmNZ2Q==
  
  yocto-queue@^1.0.0:
    version "1.2.1"
    resolved "https://registry.npmjs.org/yocto-queue/-/yocto-queue-1.2.1.tgz"
    integrity sha512-AyeEbWOu/TAXdxlV9wmGcR0+yh2j3vYPGOECcIj2S7MkrLyC7ne+oye2BKTItt0ii2PHk4cDy+95+LshzbXnGg==
